"","team","Goals","Assists","Shots","Shots on Goal","Saves","Penalties Scored","Penalty Kicks","Crosses","Corner Kicks","Passes","Offside","Fouls Committed","Cautions/Yellow Cards","Red Cards","Ball Possession","date","Opponent","GoalsAllowed","GameID","home_away","win_flag","gameweek_points","goal_conversion_total_shots","goal_conversion_shots_on_goal","unassisted_goals","passes_per_goal","fouls_per_yellow_card","fouls_per_red_card","goal_difference","game_week","team_gameweek_id","opp_team_gameweek_id","cumu_points","cumu_goal_difference","cumu_goals","team_standing_rank","opp_standing_rank","standing_difference","close_standing_flag","against_top_6_flag","value_point","points_lag1","points_lag2","points_lag3","opponent_standing_lag1","opponent_standing_lag2","opponent_standing_lag3"
"1","MUN",2,1,8,6,3,1,1,13,2,408,4,11,2,0,0.46,"20180810","LEI",1,"MUNvLEI20180810","home",1,3,0.25,0.333333333333333,1,204,5.5,Inf,1,1,"MUN-1","LEI-1",3,1,2,7,13,6,0,0,2,NA,NA,NA,NA,NA,NA
"2","LEI",1,0,13,4,4,0,0,32,5,468,2,8,1,0,0.54,"20180810","MUN",2,"MUNvLEI20180810","away",0,0,0.0769230769230769,0.25,1,468,8,Inf,-1,1,"LEI-1","MUN-1",0,-1,1,13,7,-6,0,0,-Inf,NA,NA,NA,NA,NA,NA
"3","NEW",1,1,15,2,3,0,0,14,3,305,1,11,2,0,0.42,"20180811","TOT",2,"NEWvTOT20180811","home",0,0,0.0666666666666667,0.5,0,305,5.5,Inf,-1,1,"NEW-1","TOT-1",0,-1,1,14,8,-6,0,0,-Inf,NA,NA,NA,NA,NA,NA
"4","TOT",2,2,15,5,1,0,0,20,5,507,0,12,2,0,0.58,"20180811","NEW",1,"NEWvTOT20180811","away",1,3,0.133333333333333,0.4,0,253.5,6,Inf,1,1,"TOT-1","NEW-1",3,1,2,8,14,6,0,0,2,NA,NA,NA,NA,NA,NA
"5","WAT",2,2,19,5,0,0,0,27,8,339,0,10,2,0,0.55,"20180811","BHA",0,"WATvBHA20180811","home",1,3,0.105263157894737,0.4,0,169.5,5,Inf,2,1,"WAT-1","BHA-1",3,2,2,3,15,12,0,0,4,NA,NA,NA,NA,NA,NA
"6","BHA",0,0,6,0,3,0,0,15,2,323,3,16,2,0,0.45,"20180811","WAT",2,"WATvBHA20180811","away",0,0,0,NA,0,Inf,8,Inf,-2,1,"BHA-1","WAT-1",0,-2,0,15,3,-12,0,1,-Inf,NA,NA,NA,NA,NA,NA
"7","FUL",0,0,15,6,7,0,0,40,5,633,2,9,1,0,0.62,"20180811","CRY",2,"FULvCRY20180811","home",0,0,0,0,0,Inf,9,Inf,-2,1,"FUL-1","CRY-1",0,-2,0,16,4,-12,0,1,-Inf,NA,NA,NA,NA,NA,NA
"8","CRY",2,2,10,9,6,0,0,19,5,289,3,11,2,0,0.38,"20180811","FUL",0,"FULvCRY20180811","away",1,3,0.2,0.222222222222222,0,144.5,5.5,Inf,2,1,"CRY-1","FUL-1",3,2,2,4,16,12,0,0,4,NA,NA,NA,NA,NA,NA
"9","HUD",0,0,6,1,1,0,0,29,2,292,2,9,2,0,0.41,"20180811","CHE",3,"HUDvCHE20180811","home",0,0,0,0,0,Inf,4.5,Inf,-3,1,"HUD-1","CHE-1",0,-3,0,19,2,-17,0,1,-Inf,NA,NA,NA,NA,NA,NA
"10","CHE",3,2,13,4,1,1,1,11,5,605,1,8,1,0,0.59,"20180811","HUD",0,"HUDvCHE20180811","away",1,3,0.230769230769231,0.75,1,201.666666666667,8,Inf,3,1,"CHE-1","HUD-1",3,3,3,2,19,17,0,0,5.66666666666667,NA,NA,NA,NA,NA,NA
"11","BOU",2,2,12,4,1,0,1,25,7,413,0,11,1,0,0.61,"20180811","yCC",0,"BOUvyCC20180811","home",1,3,0.166666666666667,0.5,0,206.5,11,Inf,2,1,"BOU-1","yCC-1",3,2,2,5,17,12,0,0,4,NA,NA,NA,NA,NA,NA
"12","yCC",0,0,10,1,2,0,0,22,4,184,2,9,1,0,0.39,"20180811","BOU",2,"BOUvyCC20180811","away",0,0,0,0,0,Inf,9,Inf,-2,1,"yCC-1","BOU-1",0,-2,0,17,5,-12,0,1,-Inf,NA,NA,NA,NA,NA,NA
"13","WLV",2,1,11,4,3,0,0,25,3,479,2,8,0,0,0.57,"20180811","EVE",2,"WLVvEVE20180811","home",0,1,0.181818181818182,0.5,1,239.5,Inf,Inf,0,1,"WLV-1","EVE-1",1,0,2,9,10,1,1,0,1,NA,NA,NA,NA,NA,NA
"14","EVE",2,2,6,5,2,0,0,15,6,326,3,7,1,1,0.43,"20180811","WLV",2,"WLVvEVE20180811","away",0,1,0.333333333333333,0.4,0,163,7,7,0,1,"EVE-1","WLV-1",1,0,2,10,9,-1,1,0,-1,NA,NA,NA,NA,NA,NA
"15","LIV",4,3,18,8,2,0,0,33,5,628,5,14,1,0,0.61,"20180812","WHU",0,"LIVvWHU20180812","home",1,3,0.222222222222222,0.5,1,157,14,Inf,4,1,"LIV-1","WHU-1",3,4,4,1,20,19,0,0,6.33333333333333,NA,NA,NA,NA,NA,NA
"16","WHU",0,0,5,2,4,0,0,13,4,313,3,9,2,0,0.39,"20180812","LIV",4,"LIVvWHU20180812","away",0,0,0,0,0,Inf,4.5,Inf,-4,1,"WHU-1","LIV-1",0,-4,0,20,1,-19,0,1,-Inf,NA,NA,NA,NA,NA,NA
"17","SOU",0,0,18,3,6,0,0,28,8,312,2,10,0,0,0.51,"20180812","BUR",0,"SOUvBUR20180812","home",0,1,0,0,0,Inf,Inf,Inf,0,1,"SOU-1","BUR-1",1,0,0,11,12,1,1,0,1,NA,NA,NA,NA,NA,NA
"18","BUR",0,0,16,6,3,0,0,29,5,319,5,9,1,0,0.49,"20180812","SOU",0,"SOUvBUR20180812","away",0,1,0,0,0,Inf,9,Inf,0,1,"BUR-1","SOU-1",1,0,0,12,11,-1,1,0,-1,NA,NA,NA,NA,NA,NA
"19","ARS",0,0,9,3,6,0,0,16,2,344,7,11,2,0,0.44,"20180812","MCI",2,"ARSvMCI20180812","home",0,0,0,0,0,Inf,5.5,Inf,-2,1,"ARS-1","MCI-1",0,-2,0,18,6,-12,0,1,-Inf,NA,NA,NA,NA,NA,NA
"20","MCI",2,2,17,7,3,0,0,22,9,474,2,14,2,0,0.56,"20180812","ARS",0,"ARSvMCI20180812","away",1,3,0.117647058823529,0.285714285714286,0,237,7,Inf,2,1,"MCI-1","ARS-1",3,2,2,6,18,12,0,0,4,NA,NA,NA,NA,NA,NA
"21","yCC",0,0,13,1,6,0,0,26,5,223,2,14,2,0,0.52,"20180818","NEW",0,"yCCvNEW20180818","home",0,1,0,0,0,Inf,7,Inf,0,2,"yCC-2","NEW-2",1,-2,0,16,12,-4,0,0,-4,0,NA,NA,5,NA,NA
"22","NEW",0,0,12,6,0,0,1,17,5,210,0,16,2,1,0.48,"20180818","yCC",0,"yCCvNEW20180818","away",0,1,0,0,0,Inf,8,16,0,2,"NEW-2","yCC-2",1,-1,1,12,16,4,0,0,4,0,NA,NA,8,NA,NA
"23","EVE",2,2,13,7,3,0,0,22,2,332,2,8,0,0,0.56,"20180818","SOU",1,"EVEvSOU20180818","home",1,3,0.153846153846154,0.285714285714286,0,166,Inf,Inf,1,2,"EVE-2","SOU-2",4,1,4,7,13,6,0,0,2,1,NA,NA,9,NA,NA
"24","SOU",1,1,15,4,5,0,0,20,5,214,3,20,5,0,0.44,"20180818","EVE",2,"EVEvSOU20180818","away",0,0,0.0666666666666667,0.25,0,214,4,Inf,-1,2,"SOU-2","EVE-2",1,-1,1,13,7,-6,0,0,-Inf,1,NA,NA,12,NA,NA
"25","LEI",2,1,6,2,2,0,0,15,1,337,0,10,2,1,0.45,"20180818","WLV",0,"LEIvWLV20180818","home",1,3,0.333333333333333,1,1,168.5,5,10,2,2,"LEI-2","WLV-2",3,1,3,8,14,6,0,0,2,0,NA,NA,7,NA,NA
"26","WLV",0,0,11,3,1,0,0,36,9,438,1,8,1,0,0.55,"20180818","LEI",2,"LEIvWLV20180818","away",0,0,0,0,0,Inf,8,Inf,-2,2,"WLV-2","LEI-2",1,-2,2,14,8,-6,0,0,-Inf,1,NA,NA,10,NA,NA
"27","TOT",3,2,26,11,2,0,0,35,5,587,1,9,0,0,0.56,"20180818","FUL",1,"TOTvFUL20180818","home",1,3,0.115384615384615,0.272727272727273,1,195.666666666667,Inf,Inf,2,2,"TOT-2","FUL-2",6,3,5,5,18,13,0,0,4.33333333333333,3,NA,NA,14,NA,NA
"28","FUL",1,1,10,3,8,0,0,8,2,378,3,5,0,0,0.44,"20180818","TOT",3,"TOTvFUL20180818","away",0,0,0.1,0.333333333333333,0,378,Inf,Inf,-2,2,"FUL-2","TOT-2",0,-4,1,18,5,-13,0,1,-Inf,0,NA,NA,4,NA,NA
"29","WHU",1,0,11,5,3,1,1,26,6,424,1,14,6,0,0.59,"20180818","BOU",2,"WHUvBOU20180818","home",0,0,0.0909090909090909,0.2,1,424,2.33333333333333,Inf,-1,2,"WHU-2","BOU-2",0,-5,1,19,6,-13,0,1,-Inf,0,NA,NA,1,NA,NA
"30","BOU",2,1,12,5,4,0,0,18,4,259,0,10,2,0,0.41,"20180818","WHU",1,"WHUvBOU20180818","away",1,3,0.166666666666667,0.4,1,129.5,5,Inf,1,2,"BOU-2","WHU-2",6,3,4,6,19,13,0,0,4.33333333333333,3,NA,NA,17,NA,NA
"31","CHE",3,3,24,11,4,0,0,21,5,657,3,12,0,0,0.57,"20180818","ARS",2,"CHEvARS20180818","home",1,3,0.125,0.272727272727273,0,219,Inf,Inf,1,2,"CHE-2","ARS-2",6,4,6,3,17,14,0,0,4.66666666666667,3,NA,NA,19,NA,NA
"32","ARS",2,1,15,6,8,0,0,17,1,377,3,9,2,0,0.43,"20180818","CHE",3,"CHEvARS20180818","away",0,0,0.133333333333333,0.333333333333333,1,188.5,4.5,Inf,-1,2,"ARS-2","CHE-2",0,-3,2,17,3,-14,0,1,-Inf,0,NA,NA,6,NA,NA
"33","MCI",6,2,32,14,0,0,0,34,10,722,1,9,0,0,0.68,"20180819","HUD",1,"MCIvHUD20180819","home",1,3,0.1875,0.428571428571429,4,120.333333333333,Inf,Inf,5,2,"MCI-2","HUD-2",6,7,8,1,20,19,0,0,6.33333333333333,3,NA,NA,18,NA,NA
"34","HUD",1,1,5,1,8,0,0,14,3,139,1,4,2,0,0.32,"20180819","MCI",6,"MCIvHUD20180819","away",0,0,0.2,1,0,139,2,Inf,-5,2,"HUD-2","MCI-2",0,-8,1,20,1,-19,0,1,-Inf,0,NA,NA,2,NA,NA
"35","BUR",1,1,8,3,3,0,0,34,5,373,2,8,1,0,0.57,"20180819","WAT",3,"BURvWAT20180819","home",0,0,0.125,0.333333333333333,0,373,8,Inf,-2,2,"BUR-2","WAT-2",1,-2,1,15,4,-11,0,1,-Inf,1,NA,NA,11,NA,NA
"36","WAT",3,2,9,6,2,0,0,12,2,249,4,19,2,0,0.43,"20180819","BUR",1,"BURvWAT20180819","away",1,3,0.333333333333333,0.5,1,83,9.5,Inf,2,2,"WAT-2","BUR-2",6,4,5,4,15,11,0,0,3.66666666666667,3,NA,NA,15,NA,NA
"37","BHA",3,2,6,3,1,1,1,14,3,213,2,16,1,0,0.36,"20180819","MUN",2,"BHAvMUN20180819","home",1,3,0.5,1,1,71,16,Inf,1,2,"BHA-2","MUN-2",3,-1,3,11,9,-2,1,0,-0.666666666666667,0,NA,NA,3,NA,NA
"38","MUN",2,0,9,3,0,1,1,18,5,507,2,13,1,0,0.64,"20180819","BHA",3,"BHAvMUN20180819","away",0,0,0.222222222222222,0.666666666666667,2,253.5,13,Inf,-1,2,"MUN-2","BHA-2",3,0,4,9,11,2,1,0,Inf,3,NA,NA,13,NA,NA
"39","CRY",0,0,9,2,4,0,0,18,6,311,2,6,1,1,0.41,"20180820","LIV",2,"CRYvLIV20180820","home",0,0,0,0,0,Inf,6,6,-2,2,"CRY-2","LIV-2",3,0,2,10,2,-8,0,1,-Inf,3,NA,NA,16,NA,NA
"40","LIV",2,1,16,6,2,1,1,28,7,585,2,13,1,0,0.59,"20180820","CRY",0,"CRYvLIV20180820","away",1,3,0.125,0.333333333333333,1,292.5,13,Inf,2,2,"LIV-2","CRY-2",6,6,6,2,10,8,0,0,2.66666666666667,3,NA,NA,20,NA,NA
"41","WLV",1,1,11,2,5,0,0,16,5,195,4,12,1,0,0.34,"20180825","MCI",1,"WLVvMCI20180825","home",0,1,0.0909090909090909,0.5,0,195,12,Inf,0,3,"WLV-3","MCI-3",2,-2,3,14,5,-9,0,1,-9,0,1,NA,8,10,NA
"42","MCI",1,1,18,6,1,0,0,34,9,596,3,8,2,0,0.66,"20180825","WLV",1,"WLVvMCI20180825","away",0,1,0.0555555555555556,0.166666666666667,0,596,4,Inf,0,3,"MCI-3","WLV-3",7,7,9,5,14,9,0,0,9,3,3,NA,20,18,NA
"43","ARS",3,2,17,10,4,0,0,25,7,480,3,16,1,0,0.58,"20180825","WHU",1,"ARSvWHU20180825","home",1,3,0.176470588235294,0.3,1,160,16,Inf,2,3,"ARS-3","WHU-3",3,-1,5,9,20,11,0,0,3.66666666666667,0,0,NA,3,6,NA
"44","WHU",1,1,13,5,8,0,0,20,2,276,3,13,3,0,0.42,"20180825","ARS",3,"ARSvWHU20180825","away",0,0,0.0769230769230769,0.2,0,276,4.33333333333333,Inf,-2,3,"WHU-3","ARS-3",0,-7,2,20,9,-11,0,0,-Inf,0,0,NA,6,1,NA
"45","SOU",1,1,11,5,3,0,0,34,10,380,1,13,1,1,0.52,"20180825","LEI",2,"SOUvLEI20180825","home",0,0,0.0909090909090909,0.2,0,380,13,13,-1,3,"SOU-3","LEI-3",1,-2,2,16,7,-9,0,0,-Inf,0,1,NA,7,12,NA
"46","LEI",2,1,8,5,4,0,0,16,3,373,0,10,1,0,0.48,"20180825","SOU",1,"SOUvLEI20180825","away",1,3,0.25,0.4,1,186.5,10,Inf,1,3,"LEI-3","SOU-3",6,2,5,7,16,9,0,0,3,3,0,NA,14,7,NA
"47","HUD",0,0,5,1,4,0,0,27,7,315,1,8,0,1,0.57,"20180825","yCC",0,"HUDvyCC20180825","home",0,1,0,0,0,Inf,Inf,8,0,3,"HUD-3","yCC-3",1,-8,1,19,15,-4,0,0,-4,0,0,NA,1,2,NA
"48","yCC",0,0,14,4,1,0,0,23,7,222,1,10,1,0,0.43,"20180825","HUD",0,"HUDvyCC20180825","away",0,1,0,0,0,Inf,10,Inf,0,3,"yCC-3","HUD-3",2,-2,0,15,19,4,0,0,4,1,0,NA,12,5,NA
"49","BOU",2,0,17,5,1,1,1,27,6,331,5,12,0,1,0.5,"20180825","EVE",2,"BOUvEVE20180825","home",0,1,0.117647058823529,0.4,2,165.5,Inf,12,0,3,"BOU-3","EVE-3",7,3,6,6,8,2,1,0,2,3,3,NA,19,17,NA
"50","EVE",2,2,11,3,3,0,0,18,2,341,0,10,3,1,0.5,"20180825","BOU",2,"BOUvEVE20180825","away",0,1,0.181818181818182,0.666666666666667,0,170.5,3.33333333333333,10,0,3,"EVE-3","BOU-3",5,1,6,8,6,-2,1,1,-2,3,1,NA,13,9,NA
"51","LIV",1,1,22,8,2,0,0,32,8,680,1,8,1,0,0.69,"20180825","BHA",0,"LIVvBHA20180825","home",1,3,0.0454545454545455,0.125,0,680,8,Inf,1,3,"LIV-3","BHA-3",9,7,7,1,12,11,0,0,3.66666666666667,3,3,NA,10,20,NA
"52","BHA",0,0,6,2,6,0,0,12,5,255,3,14,1,0,0.31,"20180825","LIV",1,"LIVvBHA20180825","away",0,0,0,0,0,Inf,14,Inf,-1,3,"BHA-3","LIV-3",3,-2,3,12,1,-11,0,1,-Inf,3,0,NA,9,3,NA
"53","WAT",2,2,14,6,2,0,0,21,6,238,1,14,4,0,0.47,"20180826","CRY",1,"WATvCRY20180826","home",1,3,0.142857142857143,0.333333333333333,0,119,3.5,Inf,1,3,"WAT-3","CRY-3",9,5,7,4,10,6,0,0,2,3,3,NA,15,15,NA
"54","CRY",1,1,9,3,4,0,0,12,2,353,3,11,2,0,0.53,"20180826","WAT",2,"WATvCRY20180826","away",0,0,0.111111111111111,0.333333333333333,0,353,5.5,Inf,-1,3,"CRY-3","WAT-3",3,-1,3,10,4,-6,0,1,-Inf,0,3,NA,2,16,NA
"55","NEW",1,1,6,2,2,0,0,20,4,150,2,16,3,0,0.28,"20180826","CHE",2,"NEWvCHE20180826","home",0,0,0.166666666666667,0.5,0,150,5.33333333333333,Inf,-1,3,"NEW-3","CHE-3",1,-2,2,17,3,-14,0,1,-Inf,1,0,NA,16,8,NA
"56","CHE",2,0,15,3,1,1,1,27,5,838,2,8,1,0,0.72,"20180826","NEW",1,"NEWvCHE20180826","away",1,3,0.133333333333333,0.666666666666667,2,419,8,Inf,1,3,"CHE-3","NEW-3",9,5,8,3,17,14,0,0,4.66666666666667,3,3,NA,17,19,NA
"57","FUL",4,3,25,12,0,0,0,22,6,505,1,11,2,0,0.6,"20180826","BUR",2,"FULvBUR20180826","home",1,3,0.16,0.333333333333333,1,126.25,5.5,Inf,2,3,"FUL-3","BUR-3",3,-2,5,11,18,7,0,0,2.33333333333333,0,0,NA,5,4,NA
"58","BUR",2,1,12,2,8,0,0,31,4,236,5,8,1,0,0.4,"20180826","FUL",4,"FULvBUR20180826","away",0,0,0.166666666666667,1,1,118,8,Inf,-2,3,"BUR-3","FUL-3",1,-4,3,18,11,-7,0,0,-Inf,0,1,NA,4,11,NA
"59","MUN",0,0,23,5,2,0,0,30,5,392,2,10,2,0,0.56,"20180827","TOT",3,"MUNvTOT20180827","home",0,0,0,0,0,Inf,5,Inf,-3,3,"MUN-3","TOT-3",3,-3,4,13,2,-11,0,1,-Inf,0,3,NA,11,13,NA
"60","TOT",3,3,9,5,5,0,0,9,2,294,1,16,3,0,0.44,"20180827","MUN",0,"MUNvTOT20180827","away",1,3,0.333333333333333,0.6,0,98,5.33333333333333,Inf,3,3,"TOT-3","MUN-3",9,6,8,2,13,11,0,0,3.66666666666667,3,3,NA,18,14,NA
"61","LEI",1,1,12,5,2,0,0,19,4,431,3,9,3,0,0.5,"20180901","LIV",2,"LEIvLIV20180901","home",0,0,0.0833333333333333,0.2,0,431,3,Inf,-1,4,"LEI-4","LIV-4",6,1,6,8,1,-7,0,1,-Inf,3,3,0,16,14,7
"62","LIV",2,2,10,4,4,0,0,12,4,410,2,12,2,0,0.5,"20180901","LEI",1,"LEIvLIV20180901","away",1,3,0.2,0.5,0,205,6,Inf,1,4,"LIV-4","LEI-4",12,8,9,1,8,7,0,0,2.33333333333333,3,3,3,12,10,20
"63","CHE",2,2,24,6,1,0,0,30,7,625,2,9,2,0,0.68,"20180901","BOU",0,"CHEvBOU20180901","home",1,3,0.0833333333333333,0.333333333333333,0,312.5,4.5,Inf,2,4,"CHE-4","BOU-4",12,7,10,2,6,4,0,1,1.33333333333333,3,3,3,17,17,19
"64","BOU",0,0,8,1,4,0,0,25,6,190,1,6,2,0,0.32,"20180901","CHE",2,"CHEvBOU20180901","away",0,0,0,0,0,Inf,3,Inf,-2,4,"BOU-4","CHE-4",7,1,6,6,2,-4,0,1,-Inf,1,3,3,8,19,17
"65","EVE",1,1,11,1,5,0,0,22,4,400,1,13,3,0,0.54,"20180901","HUD",1,"EVEvHUD20180901","home",0,1,0.0909090909090909,1,0,400,4.33333333333333,Inf,0,4,"EVE-4","HUD-4",6,1,7,7,17,10,0,0,10,1,3,1,6,13,9
"66","HUD",1,0,9,6,0,0,0,24,3,258,0,14,3,0,0.46,"20180901","EVE",1,"EVEvHUD20180901","away",0,1,0.111111111111111,0.166666666666667,1,258,4.66666666666667,Inf,0,4,"HUD-4","EVE-4",2,-8,2,17,7,-10,0,0,-10,1,0,0,15,1,2
"67","WHU",0,0,13,3,5,0,0,22,4,384,1,9,2,0,0.46,"20180901","WLV",1,"WHUvWLV20180901","home",0,0,0,0,0,Inf,4.5,Inf,-1,4,"WHU-4","WLV-4",0,-8,2,20,11,-9,0,0,-Inf,0,0,0,9,6,1
"68","WLV",1,1,15,6,3,0,0,22,4,432,0,11,1,0,0.54,"20180901","WHU",0,"WHUvWLV20180901","away",1,3,0.0666666666666667,0.166666666666667,0,432,11,Inf,1,4,"WLV-4","WHU-4",5,-1,4,11,20,9,0,0,3,1,0,1,5,8,10
"69","CRY",0,0,20,6,4,0,0,36,7,359,0,11,1,0,0.49,"20180901","SOU",2,"CRYvSOU20180901","home",0,0,0,0,0,Inf,11,Inf,-2,4,"CRY-4","SOU-4",3,-3,3,15,12,-3,1,0,-Inf,0,0,3,4,2,16
"70","SOU",2,2,19,6,6,0,1,25,4,358,1,12,1,0,0.51,"20180901","CRY",0,"CRYvSOU20180901","away",1,3,0.105263157894737,0.333333333333333,0,179,12,Inf,2,4,"SOU-4","CRY-4",4,0,4,12,15,3,1,0,1,0,0,1,7,7,12
"71","BHA",2,1,15,5,3,1,2,31,7,314,2,12,3,0,0.43,"20180901","FUL",2,"BHAvFUL20180901","home",0,1,0.133333333333333,0.4,1,157,4,Inf,0,4,"BHA-4","FUL-4",4,-2,5,14,13,-1,1,0,-1,0,3,0,1,9,3
"72","FUL",2,1,10,5,3,0,0,13,1,484,4,14,3,0,0.57,"20180901","BHA",2,"BHAvFUL20180901","away",0,1,0.2,0.4,1,242,4.66666666666667,Inf,0,4,"FUL-4","BHA-4",4,-2,7,13,14,1,1,0,1,3,0,0,18,5,4
"73","MCI",2,2,23,7,1,0,0,27,4,722,2,5,0,0,0.72,"20180901","NEW",1,"MCIvNEW20180901","home",1,3,0.0869565217391304,0.285714285714286,0,361,Inf,Inf,1,4,"MCI-4","NEW-4",10,8,11,4,18,14,0,0,4.66666666666667,1,3,3,14,20,18
"74","NEW",1,1,3,2,5,0,0,5,0,141,1,13,0,0,0.28,"20180901","MCI",2,"MCIvNEW20180901","away",0,0,0.333333333333333,0.5,0,141,Inf,Inf,-1,4,"NEW-4","MCI-4",1,-3,3,18,4,-14,0,1,-Inf,0,1,0,3,16,8
"75","yCC",2,2,14,3,8,0,0,29,3,164,3,12,3,0,0.31,"20180902","ARS",3,"yCCvARS20180902","home",0,0,0.142857142857143,0.666666666666667,0,82,4,Inf,-1,4,"yCC-4","ARS-4",2,-3,2,16,9,-7,0,0,-Inf,1,1,0,19,12,5
"76","ARS",3,3,17,11,1,0,0,24,9,571,1,14,4,0,0.69,"20180902","yCC",2,"yCCvARS20180902","away",1,3,0.176470588235294,0.272727272727273,0,190.333333333333,3.5,Inf,1,4,"ARS-4","yCC-4",6,0,8,9,16,7,0,0,2.33333333333333,3,0,0,20,3,6
"77","WAT",2,2,7,3,2,0,0,17,3,196,2,9,2,0,0.4,"20180902","TOT",1,"WATvTOT20180902","home",1,3,0.285714285714286,0.666666666666667,0,98,4.5,Inf,1,4,"WAT-4","TOT-4",12,6,9,3,5,2,1,1,0.666666666666667,3,3,3,10,15,15
"78","TOT",1,0,11,2,1,0,0,39,10,469,2,8,1,0,0.6,"20180902","WAT",2,"WATvTOT20180902","away",0,0,0.0909090909090909,0.5,1,469,8,Inf,-1,4,"TOT-4","WAT-4",9,5,9,5,3,-2,1,1,-Inf,3,3,3,13,18,14
"79","BUR",0,0,9,2,7,0,0,26,2,365,1,7,2,0,0.46,"20180902","MUN",2,"BURvMUN20180902","home",0,0,0,0,0,Inf,3.5,Inf,-2,4,"BUR-4","MUN-4",1,-6,3,19,10,-9,0,0,-Inf,0,0,1,11,4,11
"80","MUN",2,1,21,9,2,0,1,25,5,446,1,13,3,1,0.54,"20180902","BUR",0,"BURvMUN20180902","away",1,3,0.0952380952380952,0.222222222222222,1,223,4.33333333333333,13,2,4,"MUN-4","BUR-4",6,-1,6,10,19,9,0,0,3,0,0,3,2,11,13
"81","TOT",1,1,11,3,8,0,0,19,5,476,3,17,0,0,0.58,"20180915","LIV",2,"TOTvLIV20180915","home",0,0,0.0909090909090909,0.333333333333333,0,476,Inf,Inf,-1,5,"TOT-5","LIV-5",9,4,10,6,2,-4,0,1,-Inf,0,3,3,3,13,18
"82","LIV",2,0,17,10,2,0,0,15,4,294,2,16,0,0,0.42,"20180915","TOT",1,"TOTvLIV20180915","away",1,3,0.117647058823529,0.2,2,147,Inf,Inf,1,5,"LIV-5","TOT-5",15,9,11,2,6,4,0,1,1.33333333333333,3,3,3,8,12,10
"83","CHE",4,2,18,7,1,1,1,19,5,674,0,8,0,0,0.74,"20180915","yCC",1,"CHEvyCC20180915","home",1,3,0.222222222222222,0.571428571428571,2,168.5,Inf,Inf,3,5,"CHE-5","yCC-5",15,10,14,1,17,16,0,0,5.33333333333333,3,3,3,6,17,17
"84","yCC",1,1,6,2,3,0,0,14,4,126,0,10,0,0,0.26,"20180915","CHE",4,"CHEvyCC20180915","away",0,0,0.166666666666667,0.5,0,126,Inf,Inf,-3,5,"yCC-5","CHE-5",2,-6,3,17,1,-16,0,1,-Inf,0,1,1,9,19,12
"85","MCI",3,2,28,9,3,0,0,30,10,695,5,7,0,0,0.64,"20180915","FUL",0,"MCIvFUL20180915","home",1,3,0.107142857142857,0.333333333333333,1,231.666666666667,Inf,Inf,3,5,"MCI-5","FUL-5",13,11,14,3,15,12,0,0,4,3,1,3,18,14,20
"86","FUL",0,0,9,3,6,0,0,13,4,338,2,7,0,0,0.36,"20180915","MCI",3,"MCIvFUL20180915","away",0,0,0,0,0,Inf,Inf,Inf,-3,5,"FUL-5","MCI-5",4,-5,7,15,3,-12,0,1,-Inf,1,3,0,14,18,5
"87","NEW",1,1,4,2,0,0,0,30,10,235,3,13,0,0,0.37,"20180915","ARS",2,"NEWvARS20180915","home",0,0,0.25,0.5,0,235,Inf,Inf,-1,5,"NEW-5","ARS-5",1,-4,4,19,7,-12,0,0,-Inf,0,0,1,4,3,16
"88","ARS",2,0,12,2,1,0,0,19,4,522,1,11,0,0,0.63,"20180915","NEW",1,"NEWvARS20180915","away",1,3,0.166666666666667,1,2,261,Inf,Inf,1,5,"ARS-5","NEW-5",9,1,10,7,19,12,0,0,4,3,3,0,16,20,3
"89","HUD",0,0,15,2,1,0,0,32,5,434,5,11,1,0,0.6,"20180915","CRY",1,"HUDvCRY20180915","home",0,0,0,0,0,Inf,11,Inf,-1,5,"HUD-5","CRY-5",2,-9,2,18,12,-6,0,0,-Inf,1,1,0,7,15,1
"90","CRY",1,1,7,2,2,0,0,10,3,303,2,17,2,0,0.4,"20180915","HUD",0,"HUDvCRY20180915","away",1,3,0.142857142857143,0.5,0,303,8.5,Inf,1,5,"CRY-5","HUD-5",6,-2,4,12,18,6,0,0,2,0,0,0,12,4,2
"91","BOU",4,3,10,5,6,1,1,14,4,274,1,13,3,0,0.47,"20180915","LEI",2,"BOUvLEI20180915","home",1,3,0.4,0.8,1,68.5,4.33333333333333,Inf,2,5,"BOU-5","LEI-5",10,3,10,5,10,5,0,0,1.66666666666667,0,1,3,2,8,19
"92","LEI",2,1,14,8,1,1,1,31,6,334,3,15,2,1,0.53,"20180915","BOU",4,"BOUvLEI20180915","away",0,0,0.142857142857143,0.25,1,167,7.5,15,-2,5,"LEI-5","BOU-5",6,-1,8,10,5,-5,0,1,-Inf,0,3,3,1,16,14
"93","WAT",1,1,14,5,4,0,0,25,6,313,2,9,2,0,0.45,"20180915","MUN",2,"WATvMUN20180915","home",0,0,0.0714285714285714,0.2,0,313,4.5,Inf,-1,5,"WAT-5","MUN-5",12,5,10,4,8,4,0,0,Inf,3,3,3,5,10,15
"94","MUN",2,1,9,6,4,0,0,26,8,444,4,11,1,1,0.55,"20180915","WAT",1,"WATvMUN20180915","away",1,3,0.222222222222222,0.333333333333333,1,222,11,11,1,5,"MUN-5","WAT-5",9,0,8,8,4,-4,0,1,-1.33333333333333,3,0,0,19,2,11
"95","WLV",1,1,30,7,2,0,0,32,8,497,1,10,2,0,0.58,"20180916","BUR",0,"WLVvBUR20180916","home",1,3,0.0333333333333333,0.142857142857143,0,497,5,Inf,1,5,"WLV-5","BUR-5",8,0,5,9,20,11,0,0,3.66666666666667,3,1,0,20,5,8
"96","BUR",0,0,8,2,6,0,0,12,2,297,1,9,4,0,0.42,"20180916","WLV",1,"WLVvBUR20180916","away",0,0,0,0,0,Inf,2.25,Inf,-1,5,"BUR-5","WLV-5",1,-7,3,20,9,-11,0,0,-Inf,0,0,0,10,11,4
"97","EVE",1,1,16,4,1,0,0,25,4,393,3,15,2,0,0.54,"20180916","WHU",3,"EVEvWHU20180916","home",0,0,0.0625,0.25,0,393,7.5,Inf,-2,5,"EVE-5","WHU-5",6,-1,8,11,16,5,0,0,Inf,1,1,3,17,6,13
"98","WHU",3,3,9,4,3,0,0,8,2,302,0,12,5,0,0.46,"20180916","EVE",1,"EVEvWHU20180916","away",1,3,0.333333333333333,0.75,0,100.666666666667,2.4,Inf,2,5,"WHU-5","EVE-5",3,-6,5,16,11,-5,0,0,-1.66666666666667,0,0,0,11,9,6
"99","SOU",2,0,14,5,2,1,1,13,1,388,2,10,2,0,0.51,"20180917","BHA",2,"SOUvBHA20180917","home",0,1,0.142857142857143,0.4,2,194,5,Inf,0,5,"SOU-5","BHA-5",5,0,6,13,14,1,1,0,1,3,0,0,15,7,7
"100","BHA",2,1,12,4,2,1,1,18,4,354,2,13,3,0,0.49,"20180917","SOU",2,"SOUvBHA20180917","away",0,1,0.166666666666667,0.5,1,177,4.33333333333333,Inf,0,5,"BHA-5","SOU-5",5,-2,7,14,13,-1,1,0,-1,1,0,3,13,1,9
"101","FUL",1,1,15,3,5,0,0,30,8,424,5,11,2,0,0.59,"20180922","WAT",1,"FULvWAT20180922","home",0,1,0.0666666666666667,0.333333333333333,0,424,5.5,Inf,0,6,"FUL-6","WAT-6",5,-5,8,15,4,-11,0,1,-11,0,1,3,3,14,18
"102","WAT",1,1,11,6,2,0,0,32,8,230,6,9,1,0,0.41,"20180922","FUL",1,"FULvWAT20180922","away",0,1,0.0909090909090909,0.166666666666667,0,230,9,Inf,0,6,"WAT-6","FUL-6",13,5,11,4,15,11,0,0,11,0,3,3,8,5,10
"103","LEI",3,2,19,9,1,0,0,16,3,531,1,10,2,0,0.58,"20180922","HUD",1,"LEIvHUD20180922","home",1,3,0.157894736842105,0.333333333333333,1,177,5,Inf,2,6,"LEI-6","HUD-6",9,1,11,9,19,10,0,0,3.33333333333333,0,0,3,5,1,16
"104","HUD",1,1,9,2,5,0,0,21,1,280,0,16,1,0,0.42,"20180922","LEI",3,"LEIvHUD20180922","away",0,0,0.111111111111111,0.5,0,280,16,Inf,-2,6,"HUD-6","LEI-6",2,-11,3,19,9,-10,0,0,-Inf,0,1,1,12,7,15
"105","LIV",3,1,12,4,1,0,0,23,5,681,4,7,0,0,0.6,"20180922","SOU",0,"LIVvSOU20180922","home",1,3,0.25,0.75,2,227,Inf,Inf,3,6,"LIV-6","SOU-6",18,12,14,1,14,13,0,0,4.33333333333333,3,3,3,6,8,12
"106","SOU",0,0,7,1,1,0,0,17,4,413,1,10,2,0,0.4,"20180922","LIV",3,"LIVvSOU20180922","away",0,0,0,0,0,Inf,5,Inf,-3,6,"SOU-6","LIV-6",5,-3,6,14,1,-13,0,1,-Inf,1,3,0,14,15,7
"107","MUN",1,1,15,6,7,0,0,34,5,608,3,5,1,0,0.6,"20180922","WLV",1,"MUNvWLV20180922","home",0,1,0.0666666666666667,0.166666666666667,0,608,5,Inf,0,6,"MUN-6","WLV-6",10,0,9,7,10,3,1,0,3,3,3,0,4,19,2
"108","WLV",1,1,11,8,5,0,0,20,5,309,2,17,1,0,0.4,"20180922","MUN",1,"MUNvWLV20180922","away",0,1,0.0909090909090909,0.125,0,309,17,Inf,0,6,"WLV-6","MUN-6",9,0,6,10,7,-3,1,0,-3,3,3,1,20,20,5
"109","CRY",0,0,16,4,3,0,0,30,9,420,2,8,1,0,0.6,"20180922","NEW",0,"CRYvNEW20180922","home",0,1,0,0,0,Inf,8,Inf,0,6,"CRY-6","NEW-6",7,-2,4,11,18,7,0,0,7,3,0,0,18,12,4
"110","NEW",0,0,6,3,4,0,0,16,5,231,1,11,1,0,0.4,"20180922","CRY",0,"CRYvNEW20180922","away",0,1,0,0,0,Inf,11,Inf,0,6,"NEW-6","CRY-6",2,-4,4,18,11,-7,0,0,-7,0,0,0,7,4,3
"111","BUR",4,2,12,5,5,0,0,25,3,268,1,17,2,0,0.41,"20180922","BOU",0,"BURvBOU20180922","home",1,3,0.333333333333333,0.8,2,67,8.5,Inf,4,6,"BUR-6","BOU-6",4,-3,7,16,8,-8,0,0,-2.66666666666667,0,0,0,9,10,11
"112","BOU",0,0,19,5,1,0,0,34,8,507,2,6,0,0,0.59,"20180922","BUR",4,"BURvBOU20180922","away",0,0,0,0,0,Inf,Inf,Inf,-4,6,"BOU-6","BUR-6",10,-1,10,8,16,8,0,0,Inf,3,0,1,10,2,8
"113","yCC",0,0,2,2,5,0,0,8,1,162,2,6,1,0,0.26,"20180922","MCI",5,"yCCvMCI20180922","home",0,0,0,0,0,Inf,6,Inf,-5,6,"yCC-6","MCI-6",2,-11,3,20,2,-18,0,1,-Inf,0,0,1,1,9,19
"114","MCI",5,4,21,10,2,0,0,30,9,761,1,4,1,0,0.74,"20180922","yCC",0,"yCCvMCI20180922","away",1,3,0.238095238095238,0.5,1,152.2,4,Inf,5,6,"MCI-6","yCC-6",16,16,19,2,20,18,0,0,6,3,3,1,15,18,14
"115","BHA",1,1,8,4,5,0,0,19,5,207,2,15,2,0,0.34,"20180922","TOT",2,"BHAvTOT20180922","home",0,0,0.125,0.25,0,207,7.5,Inf,-1,6,"BHA-6","TOT-6",5,-3,8,13,5,-8,0,1,-Inf,1,1,0,13,13,1
"116","TOT",2,1,16,7,3,1,1,22,7,597,0,9,1,0,0.66,"20180922","BHA",1,"BHAvTOT20180922","away",1,3,0.125,0.285714285714286,1,298.5,9,Inf,1,6,"TOT-6","BHA-6",12,5,12,5,13,8,0,0,2.66666666666667,0,0,3,2,3,13
"117","WHU",0,0,6,1,6,0,0,13,1,251,2,11,2,0,0.37,"20180923","CHE",0,"WHUvCHE20180923","home",0,1,0,0,0,Inf,5.5,Inf,0,6,"WHU-6","CHE-6",4,-6,5,17,3,-14,0,1,-14,3,0,0,11,11,9
"118","CHE",0,0,17,6,1,0,0,35,8,691,3,9,1,0,0.63,"20180923","WHU",0,"WHUvCHE20180923","away",0,1,0,0,0,Inf,9,Inf,0,6,"CHE-6","WHU-6",16,10,14,3,17,14,0,0,14,3,3,3,17,6,17
"119","ARS",2,2,9,5,6,0,0,22,5,486,1,17,2,0,0.59,"20180923","EVE",0,"ARSvEVE20180923","home",1,3,0.222222222222222,0.4,0,243,8.5,Inf,2,6,"ARS-6","EVE-6",12,3,12,6,12,6,0,0,2,3,3,3,19,16,20
"120","EVE",0,0,9,6,3,0,0,31,9,276,2,12,1,0,0.41,"20180923","ARS",2,"ARSvEVE20180923","away",0,0,0,0,0,Inf,12,Inf,-2,6,"EVE-6","ARS-6",6,-3,8,12,6,-6,0,1,-Inf,0,1,1,16,17,6
"121","WHU",3,2,8,3,3,0,0,19,4,395,2,12,0,0,0.5,"20180929","MUN",1,"WHUvMUN20180929","home",1,3,0.375,1,1,131.666666666667,Inf,Inf,2,7,"WHU-7","MUN-7",7,-4,8,14,10,-4,0,0,-1.33333333333333,1,3,0,3,11,11
"122","MUN",1,1,9,4,1,0,0,43,9,427,4,12,1,0,0.5,"20180929","WHU",3,"WHUvMUN20180929","away",0,0,0.111111111111111,0.25,0,427,12,Inf,-2,7,"MUN-7","WHU-7",10,-2,10,10,14,4,0,0,Inf,1,3,3,10,4,19
"123","ARS",2,2,9,2,4,0,0,29,6,467,1,11,2,0,0.59,"20180929","WAT",0,"ARSvWAT20180929","home",1,3,0.222222222222222,1,0,233.5,5.5,Inf,2,7,"ARS-7","WAT-7",15,5,14,5,6,1,1,1,0.333333333333333,3,3,3,12,19,16
"124","WAT",0,0,13,4,1,0,0,33,6,237,3,17,2,0,0.41,"20180929","ARS",2,"ARSvWAT20180929","away",0,0,0,0,0,Inf,8.5,Inf,-2,7,"WAT-7","ARS-7",13,3,11,6,5,-1,1,1,-Inf,1,0,3,15,8,5
"125","EVE",3,2,19,6,0,0,0,34,12,355,6,13,0,0,0.52,"20180929","FUL",0,"EVEvFUL20180929","home",1,3,0.157894736842105,0.5,1,118.333333333333,Inf,Inf,3,7,"EVE-7","FUL-7",9,0,11,11,17,6,0,0,2,0,0,1,6,16,17
"126","FUL",0,0,6,0,3,0,0,10,1,343,0,13,3,0,0.48,"20180929","EVE",3,"EVEvFUL20180929","away",0,0,0,NA,0,Inf,4.33333333333333,Inf,-3,7,"FUL-7","EVE-7",5,-8,8,17,11,-6,0,0,-Inf,1,0,1,4,3,14
"127","MCI",2,2,28,8,1,0,0,37,10,814,0,4,0,0,0.73,"20180929","BHA",0,"MCIvBHA20180929","home",1,3,0.0714285714285714,0.25,0,407,Inf,Inf,2,7,"MCI-7","BHA-7",19,18,21,1,15,14,0,0,4.66666666666667,3,3,3,20,15,18
"128","BHA",0,0,4,1,6,0,0,8,3,161,2,10,3,0,0.27,"20180929","MCI",2,"MCIvBHA20180929","away",0,0,0,0,0,Inf,3.33333333333333,Inf,-2,7,"BHA-7","MCI-7",5,-5,8,15,1,-14,0,1,-Inf,0,1,1,5,13,13
"129","NEW",0,0,6,1,3,0,0,16,5,285,1,11,0,0,0.42,"20180929","LEI",2,"NEWvLEI20180929","home",0,0,0,0,0,Inf,Inf,Inf,-2,7,"NEW-7","LEI-7",2,-6,4,18,8,-10,0,0,-Inf,1,0,0,11,7,4
"130","LEI",2,1,12,5,1,1,1,23,9,443,0,5,0,0,0.58,"20180929","NEW",0,"NEWvLEI20180929","away",1,3,0.166666666666667,0.4,1,221.5,Inf,Inf,2,7,"LEI-7","NEW-7",12,3,13,8,18,10,0,0,3.33333333333333,3,0,0,19,5,1
"131","WLV",2,2,14,6,6,0,0,19,8,378,0,11,3,0,0.51,"20180929","SOU",0,"WLVvSOU20180929","home",1,3,0.142857142857143,0.333333333333333,0,189,3.66666666666667,Inf,2,7,"WLV-7","SOU-7",12,2,8,9,16,7,0,0,2.33333333333333,1,3,3,7,20,20
"132","SOU",0,0,17,6,4,0,0,19,6,393,2,7,1,0,0.49,"20180929","WLV",2,"WLVvSOU20180929","away",0,0,0,0,0,Inf,7,Inf,-2,7,"SOU-7","WLV-7",5,-5,6,16,9,-7,0,0,-Inf,0,1,3,1,14,15
"133","HUD",0,0,9,5,4,0,0,34,3,321,1,17,2,0,0.51,"20180929","TOT",2,"HUDvTOT20180929","home",0,0,0,0,0,Inf,8.5,Inf,-2,7,"HUD-7","TOT-7",2,-13,3,20,4,-16,0,1,-Inf,0,0,1,9,12,7
"134","TOT",2,1,10,6,5,1,1,9,0,298,1,16,2,0,0.49,"20180929","HUD",0,"HUDvTOT20180929","away",1,3,0.2,0.333333333333333,1,149,8,Inf,2,7,"TOT-7","HUD-7",15,7,14,4,20,16,0,0,5.33333333333333,3,0,0,13,2,3
"135","CHE",1,1,10,4,3,0,0,13,4,475,2,8,0,0,0.46,"20180929","LIV",1,"CHEvLIV20180929","home",0,1,0.1,0.25,0,475,Inf,Inf,0,7,"CHE-7","LIV-7",17,10,15,3,2,-1,1,1,-1,1,3,3,17,17,6
"136","LIV",1,1,13,6,3,0,0,22,4,553,2,8,2,0,0.54,"20180929","CHE",1,"CHEvLIV20180929","away",0,1,0.0769230769230769,0.166666666666667,0,553,4,Inf,0,7,"LIV-7","CHE-7",19,12,15,2,3,1,1,1,1,3,3,3,14,6,8
"137","yCC",1,1,18,5,0,0,0,46,10,212,2,11,1,0,0.51,"20180930","BUR",2,"yCCvBUR20180930","home",0,0,0.0555555555555556,0.2,0,212,11,Inf,-1,7,"yCC-7","BUR-7",2,-12,4,19,12,-7,0,0,-Inf,0,0,0,2,1,9
"138","BUR",2,2,3,2,3,0,0,11,2,195,1,15,3,0,0.49,"20180930","yCC",1,"yCCvBUR20180930","away",1,3,0.666666666666667,1,0,97.5,5,Inf,1,7,"BUR-7","yCC-7",7,-2,9,12,19,7,0,0,2.33333333333333,3,0,0,8,9,10
"139","BOU",2,1,11,5,1,1,1,17,3,365,2,9,3,0,0.47,"20181001","CRY",1,"BOUvCRY20181001","home",1,3,0.181818181818182,0.4,1,182.5,3,Inf,1,7,"BOU-7","CRY-7",13,0,12,7,13,6,0,0,2,0,3,0,16,10,2
"140","CRY",1,1,10,2,3,0,0,20,3,470,2,12,4,0,0.53,"20181001","BOU",2,"BOUvCRY20181001","away",0,0,0.1,0.5,0,470,3,Inf,-1,7,"CRY-7","BOU-7",7,-3,5,13,7,-6,0,0,-Inf,1,3,0,18,18,12
"141","BHA",1,1,9,4,4,0,0,16,2,210,5,12,3,0,0.39,"20181005","WHU",0,"BHAvWHU20181005","home",1,3,0.111111111111111,0.25,0,210,4,Inf,1,8,"BHA-8","WHU-8",8,-4,9,13,15,2,1,0,0.666666666666667,0,0,1,1,5,13
"142","WHU",0,0,17,4,3,0,0,27,9,450,1,8,2,0,0.61,"20181005","BHA",1,"BHAvWHU20181005","away",0,0,0,0,0,Inf,4,Inf,-1,8,"WHU-8","BHA-8",7,-5,8,15,13,-2,1,0,-Inf,3,1,3,10,3,11
"143","LEI",1,1,8,2,6,0,0,14,2,376,5,10,2,1,0.53,"20181006","EVE",2,"LEIvEVE20181006","home",0,0,0.125,0.5,0,376,5,10,-1,8,"LEI-8","EVE-8",12,2,14,10,11,1,1,0,Inf,3,3,0,18,19,5
"144","EVE",2,1,17,8,1,0,0,30,10,334,0,11,1,0,0.47,"20181006","LEI",1,"LEIvEVE20181006","away",1,3,0.117647058823529,0.25,1,167,11,Inf,1,8,"EVE-8","LEI-8",12,1,13,11,10,-1,1,0,-0.333333333333333,3,0,0,17,6,16
"145","TOT",1,0,19,7,5,0,0,30,6,637,0,7,3,0,0.7,"20181006","yCC",0,"TOTvyCC20181006","home",1,3,0.0526315789473684,0.142857142857143,1,637,2.33333333333333,Inf,1,8,"TOT-8","yCC-8",18,8,15,5,20,15,0,0,5,3,3,0,20,13,2
"146","yCC",0,0,8,6,5,0,0,10,2,148,3,11,1,1,0.3,"20181006","TOT",1,"TOTvyCC20181006","away",0,0,0,0,0,Inf,11,11,-1,8,"yCC-8","TOT-8",2,-13,4,20,5,-15,0,1,-Inf,0,0,0,12,2,1
"147","CRY",0,0,12,5,1,0,0,25,6,556,1,11,3,0,0.65,"20181006","WLV",1,"CRYvWLV20181006","home",0,0,0,0,0,Inf,3.66666666666667,Inf,-1,8,"CRY-8","WLV-8",7,-4,5,14,7,-7,0,0,-Inf,0,1,3,7,18,18
"148","WLV",1,1,7,2,5,0,0,11,3,233,1,13,4,0,0.35,"20181006","CRY",0,"CRYvWLV20181006","away",1,3,0.142857142857143,0.5,0,233,3.25,Inf,1,8,"WLV-8","CRY-8",15,3,9,7,14,7,0,0,2.33333333333333,3,1,3,16,7,20
"149","WAT",0,0,14,2,3,0,0,32,10,292,1,11,3,1,0.5,"20181006","BOU",4,"WATvBOU20181006","home",0,0,0,0,0,Inf,3.66666666666667,11,-4,8,"WAT-8","BOU-8",13,-1,11,9,6,-3,1,1,-Inf,0,1,0,5,15,8
"150","BOU",4,2,10,7,2,1,1,17,7,372,2,9,1,0,0.5,"20181006","WAT",0,"WATvBOU20181006","away",1,3,0.4,0.571428571428571,2,93,9,Inf,4,8,"BOU-8","WAT-8",16,4,16,6,9,3,1,0,1,3,0,3,13,16,10
"151","BUR",1,1,6,3,1,0,0,15,1,195,3,8,2,0,0.34,"20181006","HUD",1,"BURvHUD20181006","home",0,1,0.166666666666667,0.333333333333333,0,195,4,Inf,0,8,"BUR-8","HUD-8",8,-2,10,12,18,6,0,0,6,3,3,0,19,8,9
"152","HUD",1,1,19,2,2,0,0,47,10,500,0,11,2,0,0.66,"20181006","BUR",1,"BURvHUD20181006","away",0,1,0.0526315789473684,0.5,0,500,5.5,Inf,0,8,"HUD-8","BUR-8",3,-13,4,18,12,-6,0,0,-6,0,0,0,4,9,12
"153","MUN",3,2,18,10,6,0,0,52,10,535,1,16,2,0,0.64,"20181006","NEW",2,"MUNvNEW20181006","home",1,3,0.166666666666667,0.3,1,178.333333333333,8,Inf,1,8,"MUN-8","NEW-8",13,-1,13,8,19,11,0,0,3.66666666666667,0,1,3,14,10,4
"154","NEW",2,2,13,8,7,0,0,20,6,159,0,8,2,0,0.36,"20181006","MUN",3,"MUNvNEW20181006","away",0,0,0.153846153846154,0.25,0,79.5,4,Inf,-1,8,"NEW-8","MUN-8",2,-7,6,19,8,-11,0,0,-Inf,0,1,0,8,11,7
"155","FUL",1,1,21,4,2,0,0,19,4,409,4,11,2,0,0.49,"20181007","ARS",5,"FULvARS20181007","home",0,0,0.0476190476190476,0.25,0,409,5.5,Inf,-4,8,"FUL-8","ARS-8",5,-12,9,17,4,-13,0,1,-Inf,0,1,0,11,4,3
"156","ARS",5,5,9,7,3,0,0,18,2,436,1,12,0,0,0.51,"20181007","FUL",1,"FULvARS20181007","away",1,3,0.555555555555556,0.714285714285714,0,87.2,Inf,Inf,4,8,"ARS-8","FUL-8",18,9,19,4,17,13,0,0,4.33333333333333,3,3,3,6,12,19
"157","SOU",0,0,15,6,3,0,0,14,4,306,0,13,6,0,0.4,"20181007","CHE",3,"SOUvCHE20181007","home",0,0,0,0,0,Inf,2.16666666666667,Inf,-3,8,"SOU-8","CHE-8",5,-8,6,16,2,-14,0,1,-Inf,0,0,1,9,1,14
"158","CHE",3,3,21,6,6,0,0,31,12,586,0,11,0,0,0.6,"20181007","SOU",0,"SOUvCHE20181007","away",1,3,0.142857142857143,0.5,0,195.333333333333,Inf,Inf,3,8,"CHE-8","SOU-8",20,13,18,2,16,14,0,0,4.66666666666667,1,1,3,2,17,17
"159","LIV",0,0,7,2,2,0,0,21,2,467,2,10,1,0,0.51,"20181007","MCI",0,"LIVvMCI20181007","home",0,1,0,0,0,Inf,10,Inf,0,8,"LIV-8","MCI-8",20,12,15,3,1,-2,1,1,-2,1,3,3,3,14,6
"160","MCI",0,0,6,2,2,0,1,19,6,455,5,10,3,0,0.49,"20181007","LIV",0,"LIVvMCI20181007","away",0,1,0,0,0,Inf,3.33333333333333,Inf,0,8,"MCI-8","LIV-8",20,18,21,1,3,2,1,1,2,3,3,3,15,20,15
"161","CHE",2,1,21,6,2,0,0,24,5,571,2,9,2,0,0.61,"20181020","MUN",2,"CHEvMUN20181020","home",0,1,0.0952380952380952,0.333333333333333,1,285.5,4.5,Inf,0,9,"CHE-9","MUN-9",21,13,20,3,10,7,0,0,7,3,1,1,16,2,17
"162","MUN",2,1,7,4,3,0,0,16,3,291,1,17,5,0,0.39,"20181020","CHE",2,"CHEvMUN20181020","away",0,1,0.285714285714286,0.5,1,145.5,3.4,Inf,0,9,"MUN-9","CHE-9",14,-1,15,10,3,-7,0,1,-7,3,0,1,19,14,10
"163","MCI",5,4,24,10,0,0,0,32,10,613,0,11,2,0,0.67,"20181020","BUR",0,"MCIvBUR20181020","home",1,3,0.208333333333333,0.5,1,122.6,5.5,Inf,5,9,"MCI-9","BUR-9",23,23,26,1,13,12,0,0,4,1,3,3,3,15,20
"164","BUR",0,0,5,0,5,0,0,10,1,233,0,5,2,0,0.33,"20181020","MCI",5,"MCIvBUR20181020","away",0,0,0,NA,0,Inf,2.5,Inf,-5,9,"BUR-9","MCI-9",8,-7,10,13,1,-12,0,1,-Inf,1,3,3,18,19,8
"165","NEW",0,0,27,6,0,0,0,45,10,443,1,13,0,0,0.62,"20181020","BHA",1,"NEWvBHA20181020","home",0,0,0,0,0,Inf,Inf,Inf,-1,9,"NEW-9","BHA-9",2,-8,6,20,12,-8,0,0,-Inf,0,0,1,8,8,11
"166","BHA",1,0,8,1,6,0,0,13,2,181,1,17,2,0,0.38,"20181020","NEW",0,"NEWvBHA20181020","away",1,3,0.125,1,1,181,8.5,Inf,1,9,"BHA-9","NEW-9",11,-3,10,12,20,8,0,0,2.66666666666667,3,0,0,15,1,5
"167","WHU",0,0,13,4,1,0,0,31,10,353,3,8,3,0,0.45,"20181020","TOT",1,"WHUvTOT20181020","home",0,0,0,0,0,Inf,2.66666666666667,Inf,-1,9,"WHU-9","TOT-9",7,-6,8,14,5,-9,0,1,-Inf,0,3,1,13,10,3
"168","TOT",1,1,10,2,4,0,0,19,6,468,2,10,0,0,0.55,"20181020","WHU",0,"WHUvTOT20181020","away",1,3,0.1,0.5,0,468,Inf,Inf,1,9,"TOT-9","WHU-9",21,9,16,5,14,9,0,0,3,3,3,3,20,20,13
"169","WLV",0,0,10,1,1,0,0,37,8,363,2,23,3,0,0.47,"20181020","WAT",2,"WLVvWAT20181020","home",0,0,0,0,0,Inf,7.66666666666667,Inf,-2,9,"WLV-9","WAT-9",15,1,9,9,7,-2,1,0,-Inf,3,3,1,14,16,7
"170","WAT",2,2,9,3,1,0,0,8,2,478,1,13,1,0,0.53,"20181020","WLV",0,"WLVvWAT20181020","away",1,3,0.222222222222222,0.666666666666667,0,239,13,Inf,2,9,"WAT-9","WLV-9",16,1,13,7,9,2,1,0,0.666666666666667,0,0,1,6,5,15
"171","yCC",4,3,22,5,2,0,0,29,4,227,0,15,3,0,0.45,"20181020","FUL",2,"yCCvFUL20181020","home",1,3,0.181818181818182,0.8,1,56.75,5,Inf,2,9,"yCC-9","FUL-9",5,-11,8,17,18,1,1,0,0.333333333333333,0,0,0,5,12,2
"172","FUL",2,2,9,4,1,0,0,11,4,397,0,16,3,0,0.55,"20181020","yCC",4,"yCCvFUL20181020","away",0,0,0.222222222222222,0.5,0,198.5,5.33333333333333,Inf,-2,9,"FUL-9","yCC-9",5,-14,11,18,17,-1,1,0,-Inf,0,0,1,4,11,4
"173","BOU",0,0,9,2,4,0,0,29,6,394,1,10,1,0,0.54,"20181020","SOU",0,"BOUvSOU20181020","home",0,1,0,0,0,Inf,10,Inf,0,9,"BOU-9","SOU-9",17,4,16,6,16,10,0,0,10,3,3,0,9,13,16
"174","SOU",0,0,8,4,2,0,0,22,4,261,4,14,2,0,0.46,"20181020","BOU",0,"BOUvSOU20181020","away",0,1,0,0,0,Inf,7,Inf,0,9,"SOU-9","BOU-9",6,-8,6,16,6,-10,0,1,-10,0,0,0,2,9,1
"175","HUD",0,0,13,1,1,0,0,32,2,451,3,9,0,0,0.49,"20181020","LIV",1,"HUDvLIV20181020","home",0,0,0,0,0,Inf,Inf,Inf,-1,9,"HUD-9","LIV-9",3,-14,4,19,2,-17,0,1,-Inf,1,0,0,12,4,9
"176","LIV",1,1,11,2,1,0,0,20,4,499,2,6,2,0,0.51,"20181020","HUD",0,"HUDvLIV20181020","away",1,3,0.0909090909090909,0.5,0,499,3,Inf,1,9,"LIV-9","HUD-9",23,13,16,2,19,17,0,0,5.66666666666667,1,1,3,1,3,14
"177","EVE",2,2,20,4,3,0,0,31,10,438,1,13,2,0,0.57,"20181021","CRY",0,"EVEvCRY20181021","home",1,3,0.1,0.5,0,219,6.5,Inf,2,9,"EVE-9","CRY-9",15,3,15,8,15,7,0,0,2.33333333333333,3,3,0,10,17,6
"178","CRY",0,0,7,3,2,0,1,20,5,280,0,17,1,0,0.43,"20181021","EVE",2,"EVEvCRY20181021","away",0,0,0,0,0,Inf,17,Inf,-2,9,"CRY-9","EVE-9",7,-6,5,15,8,-7,0,0,-Inf,0,0,1,7,7,18
"179","ARS",3,3,19,6,2,0,0,22,6,633,2,10,2,0,0.66,"20181022","LEI",1,"ARSvLEI20181022","home",1,3,0.157894736842105,0.5,0,211,5,Inf,2,9,"ARS-9","LEI-9",21,11,22,4,11,7,0,0,2.33333333333333,3,3,3,17,6,12
"180","LEI",1,1,8,2,3,0,0,16,4,245,1,10,2,0,0.34,"20181022","ARS",3,"ARSvLEI20181022","away",0,0,0.125,0.5,0,245,5,Inf,-2,9,"LEI-9","ARS-9",12,0,15,11,4,-7,0,1,-Inf,0,3,3,11,18,19
"181","LIV",4,2,19,7,0,0,0,32,8,776,0,6,0,0,0.74,"20181027","yCC",1,"LIVvyCC20181027","home",1,3,0.210526315789474,0.571428571428571,2,194,Inf,Inf,3,10,"LIV-10","yCC-10",26,16,20,2,17,15,0,0,5,3,1,1,19,1,3
"182","yCC",1,0,2,1,2,0,0,13,0,139,4,4,0,0,0.26,"20181027","LIV",4,"LIVvyCC20181027","away",0,0,0.5,1,1,139,Inf,Inf,-3,10,"yCC-10","LIV-10",5,-14,9,17,2,-15,0,1,-Inf,3,0,0,18,5,12
"183","SOU",0,0,22,4,0,0,0,36,7,340,1,9,0,0,0.51,"20181027","NEW",0,"SOUvNEW20181027","home",0,1,0,0,0,Inf,Inf,Inf,0,10,"SOU-10","NEW-10",7,-8,6,16,19,3,1,0,3,1,0,0,6,2,9
"184","NEW",0,0,6,0,4,0,0,17,2,330,3,12,1,0,0.49,"20181027","SOU",0,"SOUvNEW20181027","away",0,1,0,NA,0,Inf,12,Inf,0,10,"NEW-10","SOU-10",3,-8,6,19,16,-3,1,0,-3,0,0,0,12,8,8
"185","WAT",3,3,12,6,7,0,0,12,3,388,3,9,1,0,0.47,"20181027","HUD",0,"WATvHUD20181027","home",1,3,0.25,0.5,0,129.333333333333,9,Inf,3,10,"WAT-10","HUD-10",19,4,16,7,20,13,0,0,4.33333333333333,3,0,0,9,6,5
"186","HUD",0,0,13,7,3,0,0,21,3,429,3,13,2,0,0.53,"20181027","WAT",3,"WATvHUD20181027","away",0,0,0,0,0,Inf,6.5,Inf,-3,10,"HUD-10","WAT-10",3,-17,4,20,7,-13,0,0,-Inf,0,1,0,2,12,4
"187","FUL",0,0,11,1,2,0,0,19,5,473,1,16,2,1,0.52,"20181027","BOU",3,"FULvBOU20181027","home",0,0,0,0,0,Inf,8,16,-3,10,"FUL-10","BOU-10",5,-17,11,18,6,-12,0,1,-Inf,0,0,0,17,4,11
"188","BOU",3,2,12,5,1,1,1,29,5,458,1,3,1,0,0.48,"20181027","FUL",0,"FULvBOU20181027","away",1,3,0.25,0.6,1,152.666666666667,3,Inf,3,10,"BOU-10","FUL-10",20,7,19,6,18,12,0,0,4,1,3,3,16,9,13
"189","BHA",1,1,7,1,7,0,0,11,1,281,0,11,3,0,0.44,"20181027","WLV",0,"BHAvWLV20181027","home",1,3,0.142857142857143,1,0,281,3.66666666666667,Inf,1,10,"BHA-10","WLV-10",14,-2,11,11,10,-1,1,0,-0.333333333333333,3,3,0,20,15,1
"190","WLV",0,0,25,7,0,0,0,40,10,476,1,8,0,0,0.56,"20181027","BHA",1,"BHAvWLV20181027","away",0,0,0,0,0,Inf,Inf,Inf,-1,10,"WLV-10","BHA-10",15,0,9,10,11,1,1,0,Inf,0,3,3,7,14,16
"191","LEI",1,1,21,7,2,0,0,48,8,494,7,17,1,0,0.56,"20181027","WHU",1,"LEIvWHU20181027","home",0,1,0.0476190476190476,0.142857142857143,0,494,17,Inf,0,10,"LEI-10","WHU-10",13,0,16,12,13,1,1,0,1,0,0,3,4,11,18
"192","WHU",1,0,11,3,6,0,0,9,0,261,1,5,1,1,0.44,"20181027","LEI",1,"LEIvWHU20181027","away",0,1,0.0909090909090909,0.333333333333333,1,261,5,5,0,10,"WHU-10","LEI-10",8,-6,9,13,12,-1,1,0,-1,0,0,3,5,13,10
"193","CRY",2,0,16,3,0,2,2,25,6,343,2,10,1,0,0.43,"20181028","ARS",2,"CRYvARS20181028","home",0,1,0.125,0.666666666666667,2,171.5,10,Inf,0,10,"CRY-10","ARS-10",8,-6,7,14,4,-10,0,1,-10,0,0,0,8,7,7
"194","ARS",2,0,7,2,1,0,0,10,4,486,0,16,2,0,0.57,"20181028","CRY",2,"CRYvARS20181028","away",0,1,0.285714285714286,1,2,243,8,Inf,0,10,"ARS-10","CRY-10",22,11,24,4,14,10,0,0,10,3,3,3,11,17,6
"195","BUR",0,0,7,1,4,0,0,24,4,296,5,14,4,0,0.35,"20181028","CHE",4,"BURvCHE20181028","home",0,0,0,0,0,Inf,3.5,Inf,-4,10,"BUR-10","CHE-10",8,-11,10,15,3,-12,0,1,-Inf,0,1,3,1,18,19
"196","CHE",4,3,24,8,1,0,0,9,4,725,0,10,2,0,0.65,"20181028","BUR",0,"BURvCHE20181028","away",1,3,0.166666666666667,0.5,1,181.25,5,Inf,4,10,"CHE-10","BUR-10",24,17,24,3,15,12,0,0,4,1,3,1,10,16,2
"197","MUN",2,1,14,10,6,0,1,22,8,408,7,15,2,0,0.51,"20181028","EVE",1,"MUNvEVE20181028","home",1,3,0.142857142857143,0.2,1,204,7.5,Inf,1,10,"MUN-10","EVE-10",17,0,17,8,9,1,1,0,0.333333333333333,1,3,0,3,19,14
"198","EVE",1,0,14,7,8,1,1,23,4,371,0,12,1,0,0.49,"20181028","MUN",2,"MUNvEVE20181028","away",0,0,0.0714285714285714,0.142857142857143,1,371,12,Inf,-1,10,"EVE-10","MUN-10",15,2,16,9,8,-1,1,0,-Inf,3,3,3,15,10,17
"199","TOT",0,0,4,1,4,0,0,17,3,397,4,13,2,0,0.46,"20181029","MCI",1,"TOTvMCI20181029","home",0,0,0,0,0,Inf,6.5,Inf,-1,10,"TOT-10","MCI-10",21,8,16,5,1,-4,0,1,-Inf,3,3,3,14,20,20
"200","MCI",1,1,13,6,1,0,0,17,6,449,4,13,2,0,0.54,"20181029","TOT",0,"TOTvMCI20181029","away",1,3,0.0769230769230769,0.166666666666667,0,449,6.5,Inf,1,10,"MCI-10","TOT-10",26,24,27,1,5,4,0,1,1.33333333333333,3,1,3,13,3,15
"201","BOU",1,1,18,7,3,0,0,31,9,344,0,12,4,0,0.51,"20181103","MUN",2,"BOUvMUN20181103","home",0,0,0.0555555555555556,0.142857142857143,0,344,3,Inf,-1,11,"BOU-11","MUN-11",20,6,20,6,7,1,1,0,Inf,3,1,3,18,16,9
"202","MUN",2,1,18,8,6,0,0,17,5,356,5,11,3,0,0.49,"20181103","BOU",1,"BOUvMUN20181103","away",1,3,0.111111111111111,0.25,1,178,3.66666666666667,Inf,1,11,"MUN-11","BOU-11",20,1,19,7,6,-1,1,1,-0.333333333333333,3,1,3,9,3,19
"203","EVE",3,1,14,3,2,0,0,40,6,431,2,9,0,0,0.6,"20181103","BHA",1,"EVEvBHA20181103","home",1,3,0.214285714285714,1,2,143.666666666667,Inf,Inf,2,11,"EVE-11","BHA-11",18,4,19,9,12,3,1,0,1,0,3,3,8,15,10
"204","BHA",1,1,5,3,0,0,0,14,4,240,2,17,1,0,0.4,"20181103","EVE",3,"EVEvBHA20181103","away",0,0,0.2,0.333333333333333,0,240,17,Inf,-2,11,"BHA-11","EVE-11",14,-4,12,12,9,-3,1,0,-Inf,3,3,3,10,20,15
"205","NEW",1,1,10,2,1,0,0,28,8,250,4,12,1,0,0.43,"20181103","WAT",0,"NEWvWAT20181103","home",1,3,0.1,0.5,0,250,12,Inf,1,11,"NEW-11","WAT-11",6,-7,7,17,8,-9,0,0,-3,1,0,0,16,12,8
"206","WAT",0,0,16,1,1,0,0,26,9,384,2,11,5,0,0.57,"20181103","NEW",1,"NEWvWAT20181103","away",0,0,0,0,0,Inf,2.2,Inf,-1,11,"WAT-11","NEW-11",19,3,16,8,17,9,0,0,Inf,3,3,0,20,9,6
"207","WHU",4,2,22,10,1,0,0,23,10,457,2,7,1,0,0.62,"20181103","BUR",2,"WHUvBUR20181103","home",1,3,0.181818181818182,0.4,2,114.25,7,Inf,2,11,"WHU-11","BUR-11",11,-4,13,13,15,2,1,0,0.666666666666667,1,0,0,12,5,13
"208","BUR",2,2,6,3,5,0,0,9,4,215,2,9,4,0,0.38,"20181103","WHU",4,"WHUvBUR20181103","away",0,0,0.333333333333333,0.666666666666667,0,107.5,2.25,Inf,-2,11,"BUR-11","WHU-11",8,-13,12,15,13,-2,1,0,-Inf,0,0,1,3,1,18
"209","yCC",0,0,11,2,2,0,0,29,6,189,4,13,2,0,0.43,"20181103","LEI",1,"yCCvLEI20181103","home",0,0,0,0,0,Inf,6.5,Inf,-1,11,"yCC-11","LEI-11",5,-15,9,19,10,-9,0,0,-Inf,0,3,0,2,18,5
"210","LEI",1,1,13,5,2,0,0,28,12,335,3,12,2,0,0.57,"20181103","yCC",0,"yCCvLEI20181103","away",1,3,0.0769230769230769,0.2,0,335,6,Inf,1,11,"LEI-11","yCC-11",16,1,17,10,19,9,0,0,3,1,0,0,13,4,11
"211","ARS",1,1,12,4,3,0,0,26,5,536,7,7,1,0,0.59,"20181103","LIV",1,"ARSvLIV20181103","home",0,1,0.0833333333333333,0.25,0,536,7,Inf,0,11,"ARS-11","LIV-11",23,11,25,5,3,-2,1,1,-2,1,3,3,14,11,17
"212","LIV",1,0,13,4,3,0,0,24,8,300,1,7,1,0,0.41,"20181103","ARS",1,"ARSvLIV20181103","away",0,1,0.0769230769230769,0.25,1,300,7,Inf,0,11,"LIV-11","ARS-11",27,16,21,3,5,2,1,1,2,3,3,1,17,19,1
"213","WLV",2,0,16,7,5,2,2,27,5,404,5,11,1,0,0.5,"20181103","TOT",3,"WLVvTOT20181103","home",0,0,0.125,0.285714285714286,2,202,11,Inf,-1,11,"WLV-11","TOT-11",15,-1,11,11,4,-7,0,1,-Inf,0,0,3,11,7,14
"214","TOT",3,2,10,8,5,0,0,9,1,452,3,8,2,0,0.5,"20181103","WLV",2,"WLVvTOT20181103","away",1,3,0.3,0.375,1,150.666666666667,4,Inf,1,11,"TOT-11","WLV-11",24,9,19,4,11,7,0,0,2.33333333333333,0,3,3,1,14,20
"215","MCI",6,5,18,8,5,0,0,25,5,687,1,14,1,0,0.64,"20181104","SOU",1,"MCIvSOU20181104","home",1,3,0.333333333333333,0.75,1,114.5,14,Inf,5,11,"MCI-11","SOU-11",29,29,33,1,16,15,0,0,5,3,3,1,5,13,3
"216","SOU",1,0,12,6,3,1,1,22,4,293,1,9,1,0,0.36,"20181104","MCI",6,"MCIvSOU20181104","away",0,0,0.0833333333333333,0.166666666666667,1,293,9,Inf,-5,11,"SOU-11","MCI-11",7,-13,7,16,1,-15,0,1,-Inf,1,1,0,19,6,2
"217","CHE",3,3,15,6,1,0,0,24,4,838,6,6,0,0,0.68,"20181104","CRY",1,"CHEvCRY20181104","home",1,3,0.2,0.5,0,279.333333333333,Inf,Inf,2,11,"CHE-11","CRY-11",27,19,27,2,14,12,0,0,4,3,1,3,15,10,16
"218","CRY",1,1,7,2,3,0,0,9,2,268,1,13,1,0,0.32,"20181104","CHE",3,"CHEvCRY20181104","away",0,0,0.142857142857143,0.5,0,268,13,Inf,-2,11,"CRY-11","CHE-11",8,-8,8,14,2,-12,0,1,-Inf,1,0,0,4,8,7
"219","HUD",1,0,10,2,1,0,0,30,5,273,3,11,1,0,0.47,"20181105","FUL",0,"HUDvFUL20181105","home",1,3,0.1,0.5,1,273,11,Inf,1,11,"HUD-11","FUL-11",6,-16,5,18,20,2,1,0,0.666666666666667,0,0,1,7,2,12
"220","FUL",0,0,8,1,2,0,0,10,4,385,6,8,2,0,0.53,"20181105","HUD",1,"HUDvFUL20181105","away",0,0,0,0,0,Inf,4,Inf,-1,11,"FUL-11","HUD-11",5,-18,11,20,18,-2,1,0,-Inf,0,0,0,6,17,4
"221","yCC",2,0,20,6,2,0,0,31,4,375,0,7,2,0,0.58,"20181110","BHA",1,"yCCvBHA20181110","home",1,3,0.1,0.333333333333333,2,187.5,3.5,Inf,1,12,"yCC-12","BHA-12",8,-14,11,18,12,-6,0,0,-2,0,0,3,10,2,18
"222","BHA",1,1,7,3,3,0,0,8,1,218,0,21,1,1,0.42,"20181110","yCC",2,"yCCvBHA20181110","away",0,0,0.142857142857143,0.333333333333333,0,218,21,21,-1,12,"BHA-12","yCC-12",14,-5,13,12,18,6,0,0,Inf,0,3,3,9,10,20
"223","LEI",0,0,22,5,1,0,0,50,12,430,1,13,2,0,0.61,"20181110","BUR",0,"LEIvBUR20181110","home",0,1,0,0,0,Inf,6.5,Inf,0,12,"LEI-12","BUR-12",17,1,17,10,15,5,0,0,5,3,1,0,19,13,4
"224","BUR",0,0,6,1,4,0,0,14,1,210,2,10,0,0,0.39,"20181110","LEI",0,"LEIvBUR20181110","away",0,1,0,0,0,Inf,Inf,Inf,0,12,"BUR-12","LEI-12",9,-13,12,15,10,-5,0,0,-5,0,0,0,13,3,1
"225","NEW",2,1,18,6,3,0,0,27,7,245,2,9,2,0,0.43,"20181110","BOU",1,"NEWvBOU20181110","home",1,3,0.111111111111111,0.333333333333333,1,122.5,4.5,Inf,1,12,"NEW-12","BOU-12",9,-6,9,14,6,-8,0,1,-2.66666666666667,3,1,0,8,16,12
"226","BOU",1,1,14,4,4,0,0,33,10,438,2,11,1,0,0.57,"20181110","NEW",2,"NEWvBOU20181110","away",0,0,0.0714285714285714,0.25,0,438,11,Inf,-1,12,"BOU-12","NEW-12",20,5,21,6,14,8,0,0,Inf,0,3,1,7,18,16
"227","SOU",1,1,14,4,5,0,0,24,7,250,4,13,3,0,0.47,"20181110","WAT",1,"SOUvWAT20181110","home",0,1,0.0714285714285714,0.25,0,250,4.33333333333333,Inf,0,12,"SOU-12","WAT-12",8,-13,8,17,7,-10,0,0,-10,0,1,1,1,19,6
"228","WAT",1,1,12,6,3,0,0,23,6,335,4,13,2,0,0.53,"20181110","SOU",1,"SOUvWAT20181110","away",0,1,0.0833333333333333,0.166666666666667,0,335,6.5,Inf,0,12,"WAT-12","SOU-12",20,3,17,7,17,10,0,0,10,0,3,3,17,20,9
"229","HUD",1,1,15,7,3,0,0,20,5,271,7,9,1,0,0.45,"20181110","WHU",1,"HUDvWHU20181110","home",0,1,0.0666666666666667,0.142857142857143,0,271,9,Inf,0,12,"HUD-12","WHU-12",7,-16,6,19,13,-6,0,0,-6,3,0,0,20,7,2
"230","WHU",1,0,12,5,6,0,0,26,6,378,3,8,1,0,0.55,"20181110","HUD",1,"HUDvWHU20181110","away",0,1,0.0833333333333333,0.2,1,378,8,Inf,0,12,"WHU-12","HUD-12",12,-4,14,13,19,6,0,0,6,3,1,0,15,12,5
"231","CRY",0,0,11,4,1,0,0,32,10,233,4,12,1,0,0.37,"20181110","TOT",1,"CRYvTOT20181110","home",0,0,0,0,0,Inf,12,Inf,-1,12,"CRY-12","TOT-12",8,-9,8,16,4,-12,0,1,-Inf,0,1,0,2,4,8
"232","TOT",1,0,11,2,4,0,0,23,6,507,1,9,1,0,0.63,"20181110","CRY",0,"CRYvTOT20181110","away",1,3,0.0909090909090909,0.5,1,507,9,Inf,1,12,"TOT-12","CRY-12",27,10,20,4,16,12,0,0,4,3,0,3,11,1,14
"233","LIV",2,2,20,7,3,0,0,28,6,667,2,11,1,0,0.67,"20181111","FUL",0,"LIVvFUL20181111","home",1,3,0.1,0.285714285714286,0,333.5,11,Inf,2,12,"LIV-12","FUL-12",30,18,23,2,20,18,0,0,6,1,3,3,5,17,19
"234","FUL",0,0,8,3,5,0,0,13,3,212,5,9,1,0,0.33,"20181111","LIV",2,"LIVvFUL20181111","away",0,0,0,0,0,Inf,9,Inf,-2,12,"FUL-12","LIV-12",5,-20,11,20,2,-18,0,1,-Inf,0,0,0,18,6,17
"235","CHE",0,0,15,4,1,0,0,21,5,640,5,7,4,0,0.65,"20181111","EVE",0,"CHEvEVE20181111","home",0,1,0,0,0,Inf,1.75,Inf,0,12,"CHE-12","EVE-12",28,19,27,3,9,6,0,0,6,3,3,1,14,15,10
"236","EVE",0,0,6,1,4,0,0,12,5,256,7,11,3,0,0.35,"20181111","CHE",0,"CHEvEVE20181111","away",0,1,0,0,0,Inf,3.66666666666667,Inf,0,12,"EVE-12","CHE-12",19,4,19,9,3,-6,0,1,-6,3,0,3,12,8,15
"237","ARS",1,1,10,3,4,0,0,31,11,666,1,9,2,0,0.67,"20181111","WLV",1,"ARSvWLV20181111","home",0,1,0.1,0.333333333333333,0,666,4.5,Inf,0,12,"ARS-12","WLV-12",24,11,26,5,11,6,0,0,6,1,1,3,3,14,11
"238","WLV",1,1,13,5,2,0,0,14,2,222,2,16,2,0,0.33,"20181111","ARS",1,"ARSvWLV20181111","away",0,1,0.0769230769230769,0.2,0,222,8,Inf,0,12,"WLV-12","ARS-12",16,-1,12,11,5,-6,0,1,-6,0,0,0,4,11,7
"239","MCI",3,3,17,5,0,0,0,30,5,667,0,12,1,0,0.65,"20181111","MUN",1,"MCIvMUN20181111","home",1,3,0.176470588235294,0.6,0,222.333333333333,12,Inf,2,12,"MCI-12","MUN-12",32,31,36,1,8,7,0,0,2.33333333333333,3,3,3,16,5,13
"240","MUN",1,0,6,1,2,1,1,11,1,331,0,12,1,0,0.35,"20181111","MCI",3,"MCIvMUN20181111","away",0,0,0.166666666666667,1,1,331,12,Inf,-2,12,"MUN-12","MCI-12",20,-1,20,8,1,-7,0,1,-Inf,3,3,1,6,9,3
"241","EVE",1,0,16,8,1,0,0,29,7,439,0,12,0,0,0.66,"20181124","yCC",0,"EVEvyCC20181124","home",1,3,0.0625,0.125,1,439,Inf,Inf,1,13,"EVE-13","yCC-13",22,5,20,6,19,13,0,0,4.33333333333333,1,3,0,3,12,8
"242","yCC",0,0,7,1,6,0,0,16,3,122,1,13,3,0,0.34,"20181124","EVE",1,"EVEvyCC20181124","away",0,0,0,0,0,Inf,4.33333333333333,Inf,-1,13,"yCC-13","EVE-13",8,-15,11,19,6,-13,0,1,-Inf,3,0,0,12,10,2
"243","MUN",0,0,12,5,2,0,0,39,10,441,2,13,1,0,0.55,"20181124","CRY",0,"MUNvCRY20181124","home",0,1,0,0,0,Inf,13,Inf,0,13,"MUN-13","CRY-13",21,-1,20,7,16,9,0,0,9,0,3,3,1,6,9
"244","CRY",0,0,13,2,5,0,0,13,3,287,3,12,2,0,0.45,"20181124","MUN",0,"MUNvCRY20181124","away",0,1,0,0,0,Inf,6,Inf,0,13,"CRY-13","MUN-13",9,-9,8,16,7,-9,0,0,-9,0,0,1,4,2,4
"245","WHU",0,0,9,1,2,0,0,18,8,287,2,6,0,0,0.32,"20181124","MCI",4,"WHUvMCI20181124","home",0,0,0,0,0,Inf,Inf,Inf,-4,13,"WHU-13","MCI-13",12,-8,14,14,1,-13,0,1,-Inf,1,3,1,19,15,12
"246","MCI",4,3,9,6,1,0,0,17,1,760,3,3,0,0,0.68,"20181124","WHU",0,"WHUvMCI20181124","away",1,3,0.444444444444444,0.666666666666667,1,190,Inf,Inf,4,13,"MCI-13","WHU-13",35,35,40,1,14,13,0,0,4.33333333333333,3,3,3,8,16,5
"247","WAT",0,0,5,1,4,0,0,15,5,276,4,12,0,0,0.39,"20181124","LIV",3,"WATvLIV20181124","home",0,0,0,0,0,Inf,Inf,Inf,-3,13,"WAT-13","LIV-13",20,0,17,9,2,-7,0,1,-Inf,1,0,3,17,17,20
"248","LIV",3,1,10,7,1,0,0,22,5,559,4,13,0,1,0.61,"20181124","WAT",0,"WATvLIV20181124","away",1,3,0.3,0.428571428571429,2,186.333333333333,Inf,13,3,13,"LIV-13","WAT-13",33,21,26,2,9,7,0,0,2.33333333333333,3,1,3,20,5,17
"249","FUL",3,3,10,5,6,0,0,11,2,280,4,10,2,0,0.39,"20181124","SOU",2,"FULvSOU20181124","home",1,3,0.3,0.6,0,93.3333333333333,5,Inf,1,13,"FUL-13","SOU-13",8,-19,14,20,18,-2,1,0,-0.666666666666667,0,0,0,2,18,6
"250","SOU",2,1,18,8,2,0,0,38,5,523,1,6,3,0,0.61,"20181124","FUL",3,"FULvSOU20181124","away",0,0,0.111111111111111,0.25,1,261.5,2,Inf,-1,13,"SOU-13","FUL-13",8,-14,10,18,20,2,1,0,Inf,1,0,1,7,1,19
"251","BHA",1,1,12,3,2,0,0,29,5,358,5,10,3,0,0.54,"20181124","LEI",1,"BHAvLEI20181124","home",0,1,0.0833333333333333,0.333333333333333,0,358,3.33333333333333,Inf,0,13,"BHA-13","LEI-13",15,-5,14,12,10,-2,1,0,-2,0,0,3,18,9,10
"252","LEI",1,0,8,3,2,1,1,18,1,305,1,7,1,1,0.46,"20181124","BHA",1,"BHAvLEI20181124","away",0,1,0.125,0.333333333333333,1,305,7,7,0,13,"LEI-13","BHA-13",18,1,18,10,12,2,1,0,2,1,3,1,15,19,13
"253","TOT",3,3,18,9,1,0,0,13,4,302,3,19,0,0,0.42,"20181124","CHE",1,"TOTvCHE20181124","home",1,3,0.166666666666667,0.333333333333333,0,100.666666666667,Inf,Inf,2,13,"TOT-13","CHE-13",30,12,23,3,4,1,1,1,0.333333333333333,3,3,0,16,11,1
"254","CHE",1,1,13,2,6,0,0,27,4,484,5,12,3,0,0.58,"20181124","TOT",3,"TOTvCHE20181124","away",0,0,0.0769230769230769,0.5,0,484,4,Inf,-2,13,"CHE-13","TOT-13",28,17,28,4,3,-1,1,1,-Inf,1,3,3,9,14,15
"255","BOU",1,1,11,5,3,0,0,28,5,326,4,6,2,0,0.42,"20181125","ARS",2,"BOUvARS20181125","home",0,0,0.0909090909090909,0.2,0,326,3,Inf,-1,13,"BOU-13","ARS-13",20,4,22,8,5,-3,1,1,-Inf,0,0,3,14,7,18
"256","ARS",2,1,20,4,4,0,0,28,8,480,2,9,1,0,0.58,"20181125","BOU",1,"BOUvARS20181125","away",1,3,0.1,0.5,1,240,9,Inf,1,13,"ARS-13","BOU-13",27,12,28,5,8,3,1,0,1,1,1,1,11,3,14
"257","WLV",0,0,12,3,4,0,0,15,3,366,1,9,1,0,0.45,"20181125","HUD",2,"WLVvHUD20181125","home",0,0,0,0,0,Inf,9,Inf,-2,13,"WLV-13","HUD-13",16,-3,12,11,15,4,0,0,Inf,1,0,0,5,4,11
"258","HUD",2,1,14,6,2,0,0,24,5,461,1,8,2,0,0.55,"20181125","WLV",0,"WLVvHUD20181125","away",1,3,0.142857142857143,0.333333333333333,1,230.5,4,Inf,2,13,"HUD-13","WLV-13",10,-14,8,15,11,-4,0,0,-1.33333333333333,1,3,0,13,20,7
"259","BUR",1,1,14,4,1,0,0,32,5,510,1,6,0,0,0.54,"20181126","NEW",2,"BURvNEW20181126","home",0,0,0.0714285714285714,0.25,0,510,Inf,Inf,-1,13,"BUR-13","NEW-13",9,-14,13,17,13,-4,0,0,-Inf,1,0,0,10,13,3
"260","NEW",2,2,17,3,3,0,0,22,5,381,1,11,1,0,0.46,"20181126","BUR",1,"BURvNEW20181126","away",1,3,0.117647058823529,0.666666666666667,0,190.5,11,Inf,1,13,"NEW-13","BUR-13",12,-5,11,13,17,4,0,0,1.33333333333333,3,3,1,6,8,16
"261","yCC",2,1,17,3,3,0,0,33,7,219,2,3,1,0,0.52,"20181130","WLV",1,"yCCvWLV20181130","home",1,3,0.117647058823529,0.666666666666667,1,109.5,3,Inf,1,14,"yCC-14","WLV-14",11,-14,13,16,12,-4,0,0,-1.33333333333333,0,3,0,6,12,10
"262","WLV",1,0,15,4,0,0,0,21,6,264,0,12,2,0,0.48,"20181130","yCC",2,"yCCvWLV20181130","away",0,0,0.0666666666666667,0.25,1,264,6,Inf,-1,14,"WLV-14","yCC-14",16,-4,13,12,16,4,0,0,Inf,0,1,0,15,5,4
"263","LEI",2,1,7,3,0,1,1,16,4,228,1,7,2,0,0.41,"20181201","WAT",0,"LEIvWAT20181201","home",1,3,0.285714285714286,0.666666666666667,1,114,3.5,Inf,2,14,"LEI-14","WAT-14",21,3,20,8,10,2,1,0,0.666666666666667,1,1,3,12,15,19
"264","WAT",0,0,8,0,1,0,0,37,8,438,1,6,1,1,0.59,"20181201","LEI",2,"LEIvWAT20181201","away",0,0,0,NA,0,Inf,6,6,-2,14,"WAT-14","LEI-14",20,-2,17,10,8,-2,1,0,-Inf,0,1,0,2,17,17
"265","MCI",3,1,16,6,0,0,0,27,8,745,2,9,0,0,0.7,"20181201","BOU",1,"MCIvBOU20181201","home",1,3,0.1875,0.5,2,248.333333333333,Inf,Inf,2,14,"MCI-14","BOU-14",38,37,43,1,9,8,0,0,2.66666666666667,3,3,3,14,8,16
"266","BOU",1,1,4,1,3,0,0,24,4,229,3,3,0,0,0.3,"20181201","MCI",3,"MCIvBOU20181201","away",0,0,0.25,1,0,229,Inf,Inf,-2,14,"BOU-14","MCI-14",20,2,23,9,1,-8,0,1,-Inf,0,0,0,5,14,7
"267","NEW",0,0,16,4,1,0,0,41,7,437,3,10,3,0,0.58,"20181201","WHU",3,"NEWvWHU20181201","home",0,0,0,0,0,Inf,3.33333333333333,Inf,-3,14,"NEW-14","WHU-14",12,-8,11,15,13,-2,1,0,-Inf,3,3,3,17,6,8
"268","WHU",3,3,7,4,4,0,0,13,3,268,3,10,3,0,0.42,"20181201","NEW",0,"NEWvWHU20181201","away",1,3,0.428571428571429,0.75,0,89.3333333333333,3.33333333333333,Inf,3,14,"WHU-14","NEW-14",15,-5,17,13,15,2,1,0,0.666666666666667,0,1,3,1,19,15
"269","CRY",2,2,29,9,0,0,0,27,10,450,1,9,1,0,0.56,"20181201","BUR",0,"CRYvBUR20181201","home",1,3,0.0689655172413793,0.222222222222222,0,225,9,Inf,2,14,"CRY-14","BUR-14",12,-7,10,14,19,5,0,0,1.66666666666667,1,0,0,7,4,2
"270","BUR",0,0,4,0,7,0,0,24,2,288,2,10,1,0,0.44,"20181201","CRY",2,"CRYvBUR20181201","away",0,0,0,NA,0,Inf,10,Inf,-2,14,"BUR-14","CRY-14",9,-16,13,19,14,-5,0,0,-Inf,0,1,0,13,10,13
"271","HUD",1,0,7,2,4,0,0,17,2,200,1,10,0,1,0.36,"20181201","BHA",2,"HUDvBHA20181201","home",0,0,0.142857142857143,0.5,1,200,Inf,10,-1,14,"HUD-14","BHA-14",10,-15,9,17,11,-6,0,0,-Inf,3,1,3,11,13,20
"272","BHA",2,2,14,6,1,0,0,20,6,517,4,12,2,0,0.64,"20181201","HUD",1,"HUDvBHA20181201","away",1,3,0.142857142857143,0.333333333333333,0,258.5,6,Inf,1,14,"BHA-14","HUD-14",18,-4,16,11,17,6,0,0,2,1,0,0,10,18,9
"273","SOU",2,1,16,6,3,0,0,17,3,297,0,12,4,0,0.44,"20181201","MUN",2,"SOUvMUN20181201","home",0,1,0.125,0.333333333333333,1,148.5,3,Inf,0,14,"SOU-14","MUN-14",9,-14,12,18,7,-11,0,0,-11,0,1,0,20,7,1
"274","MUN",2,2,11,5,4,0,0,28,5,474,2,13,4,0,0.56,"20181201","SOU",2,"SOUvMUN20181201","away",0,1,0.181818181818182,0.4,0,237,3.25,Inf,0,14,"MUN-14","SOU-14",22,-1,22,7,18,11,0,0,11,1,0,3,16,1,6
"275","CHE",2,2,16,9,4,0,0,19,4,664,0,8,2,0,0.64,"20181202","FUL",0,"CHEvFUL20181202","home",1,3,0.125,0.222222222222222,0,332,4,Inf,2,14,"CHE-14","FUL-14",31,19,30,3,20,17,0,0,5.66666666666667,0,1,3,3,9,14
"276","FUL",0,0,9,4,7,0,0,26,6,304,1,17,1,0,0.36,"20181202","CHE",2,"CHEvFUL20181202","away",0,0,0,0,0,Inf,17,Inf,-2,14,"FUL-14","CHE-14",8,-21,14,20,3,-17,0,1,-Inf,3,0,0,18,2,18
"277","ARS",4,3,22,7,4,1,1,27,8,430,5,15,3,0,0.59,"20181202","TOT",2,"ARSvTOT20181202","home",1,3,0.181818181818182,0.571428571428571,1,107.5,5,Inf,2,14,"ARS-14","TOT-14",30,14,32,4,5,1,1,1,0.333333333333333,3,1,1,8,11,3
"278","TOT",2,1,11,6,2,1,1,14,5,258,2,17,3,1,0.41,"20181202","ARS",4,"ARSvTOT20181202","away",0,0,0.181818181818182,0.333333333333333,1,129,5.66666666666667,17,-2,14,"TOT-14","ARS-14",30,10,25,5,4,-1,1,1,-Inf,3,3,3,4,16,11
"279","LIV",1,0,16,4,3,0,0,28,8,452,1,12,3,0,0.57,"20181202","EVE",0,"LIVvEVE20181202","home",1,3,0.0625,0.25,1,452,4,Inf,1,14,"LIV-14","EVE-14",36,22,27,2,6,4,0,1,1.33333333333333,3,3,1,9,20,5
"280","EVE",0,0,9,3,3,0,0,15,1,310,3,7,2,0,0.43,"20181202","LIV",1,"LIVvEVE20181202","away",0,0,0,0,0,Inf,3.5,Inf,-1,14,"EVE-14","LIV-14",22,4,20,6,2,-4,0,1,-Inf,3,1,3,19,3,12
"281","WHU",3,3,17,11,3,0,0,27,10,379,2,10,1,0,0.58,"20181204","yCC",1,"WHUvyCC20181204","home",1,3,0.176470588235294,0.272727272727273,0,126.333333333333,10,Inf,2,15,"WHU-15","yCC-15",18,-3,20,13,16,3,1,0,1,3,0,1,15,1,19
"282","yCC",1,0,8,4,8,0,1,15,4,220,5,10,2,0,0.42,"20181204","WHU",3,"WHUvyCC20181204","away",0,0,0.125,0.25,1,220,5,Inf,-2,15,"yCC-15","WHU-15",11,-16,14,16,13,-3,1,0,-Inf,3,0,3,12,6,12
"283","BHA",3,0,9,3,4,1,1,13,4,218,0,14,2,1,0.38,"20181204","CRY",1,"BHAvCRY20181204","home",1,3,0.333333333333333,1,3,72.6666666666667,7,14,2,15,"BHA-15","CRY-15",21,-2,19,10,15,5,0,0,1.66666666666667,3,1,0,17,10,18
"284","CRY",1,0,18,5,0,1,1,29,5,537,0,12,3,0,0.62,"20181204","BHA",3,"BHAvCRY20181204","away",0,0,0.0555555555555556,0.2,1,537,4,Inf,-2,15,"CRY-15","BHA-15",12,-9,11,15,10,-5,0,0,-Inf,3,1,0,19,7,4
"285","BOU",2,2,6,2,5,0,0,13,4,240,3,14,4,0,0.39,"20181204","HUD",1,"BOUvHUD20181204","home",1,3,0.333333333333333,1,0,120,3.5,Inf,1,15,"BOU-15","HUD-15",23,3,25,7,17,10,0,0,3.33333333333333,0,0,0,1,5,14
"286","HUD",1,1,23,6,0,0,0,51,8,540,0,11,2,0,0.61,"20181204","BOU",2,"BOUvHUD20181204","away",0,0,0.0434782608695652,0.166666666666667,0,540,5.5,Inf,-1,15,"HUD-15","BOU-15",10,-16,10,17,7,-10,0,0,-Inf,0,3,1,11,11,13
"287","WAT",1,0,11,7,5,0,0,13,3,230,4,4,0,0,0.33,"20181204","MCI",2,"WATvMCI20181204","home",0,0,0.0909090909090909,0.142857142857143,1,230,Inf,Inf,-1,15,"WAT-15","MCI-15",20,-3,18,11,1,-10,0,1,-Inf,0,0,1,8,2,17
"288","MCI",2,2,15,7,5,0,0,34,11,657,7,8,1,0,0.67,"20181204","WAT",1,"WATvMCI20181204","away",1,3,0.133333333333333,0.285714285714286,0,328.5,8,Inf,1,15,"MCI-15","WAT-15",41,38,45,1,11,10,0,0,3.33333333333333,3,3,3,9,14,8
"289","EVE",1,0,19,3,4,0,0,60,14,588,0,7,0,0,0.68,"20181205","NEW",1,"EVEvNEW20181205","home",0,1,0.0526315789473684,0.333333333333333,1,588,Inf,Inf,0,15,"EVE-15","NEW-15",23,4,21,6,14,8,0,0,8,0,3,1,2,19,3
"290","NEW",1,1,8,5,2,0,0,12,2,148,2,18,5,0,0.32,"20181205","EVE",1,"EVEvNEW20181205","away",0,1,0.125,0.2,0,148,3.6,Inf,0,15,"NEW-15","EVE-15",13,-8,12,14,6,-8,0,1,-8,0,3,3,13,17,6
"291","FUL",1,1,25,7,4,0,0,27,10,232,2,12,0,0,0.44,"20181205","LEI",1,"FULvLEI20181205","home",0,1,0.04,0.142857142857143,0,232,Inf,Inf,0,15,"FUL-15","LEI-15",9,-21,15,20,9,-11,0,0,-11,0,3,0,3,18,2
"292","LEI",1,1,13,5,6,0,0,24,8,293,2,7,0,0,0.56,"20181205","FUL",1,"FULvLEI20181205","away",0,1,0.0769230769230769,0.2,0,293,Inf,Inf,0,15,"LEI-15","FUL-15",22,3,21,9,20,11,0,0,11,3,1,1,10,12,15
"293","WLV",2,2,6,2,2,0,0,17,1,229,2,18,4,0,0.35,"20181205","CHE",1,"WLVvCHE20181205","home",1,3,0.333333333333333,1,0,114.5,4.5,Inf,1,15,"WLV-15","CHE-15",19,-3,15,12,4,-8,0,1,-2.66666666666667,0,0,1,16,15,5
"294","CHE",1,1,17,3,0,0,0,23,5,626,0,10,4,0,0.65,"20181205","WLV",2,"WLVvCHE20181205","away",0,0,0.0588235294117647,0.333333333333333,0,626,2.5,Inf,-1,15,"CHE-15","WLV-15",31,18,31,4,12,8,0,0,Inf,3,0,1,20,3,9
"295","BUR",1,0,10,6,8,0,0,21,5,174,6,10,1,0,0.33,"20181205","LIV",3,"BURvLIV20181205","home",0,0,0.1,0.166666666666667,1,174,10,Inf,-2,15,"BUR-15","LIV-15",9,-18,14,19,2,-17,0,1,-Inf,0,0,1,14,13,10
"296","LIV",3,3,18,12,5,0,0,28,9,603,3,3,0,0,0.67,"20181205","BUR",1,"BURvLIV20181205","away",1,3,0.166666666666667,0.25,0,201,Inf,Inf,2,15,"LIV-15","BUR-15",39,24,30,2,19,17,0,0,5.66666666666667,3,3,3,6,9,20
"297","MUN",2,1,10,7,3,0,0,17,4,382,2,13,3,0,0.45,"20181205","ARS",2,"MUNvARS20181205","home",0,1,0.2,0.285714285714286,1,191,4.33333333333333,Inf,0,15,"MUN-15","ARS-15",23,-1,24,8,5,-3,1,1,-3,1,1,0,18,16,1
"298","ARS",2,1,9,4,5,0,0,26,4,484,3,10,3,0,0.55,"20181205","MUN",2,"MUNvARS20181205","away",0,1,0.222222222222222,0.5,1,242,3.33333333333333,Inf,0,15,"ARS-15","MUN-15",31,14,34,5,8,3,1,0,3,3,3,1,5,8,11
"299","TOT",3,2,13,8,4,0,0,20,8,448,4,7,0,0,0.51,"20181205","SOU",1,"TOTvSOU20181205","home",1,3,0.230769230769231,0.375,1,149.333333333333,Inf,Inf,2,15,"TOT-15","SOU-15",33,12,28,3,18,15,0,0,5,0,3,3,4,4,16
"300","SOU",1,1,18,5,5,0,0,29,6,402,2,5,0,0,0.49,"20181205","TOT",3,"TOTvSOU20181205","away",0,0,0.0555555555555556,0.2,0,402,Inf,Inf,-2,15,"SOU-15","TOT-15",9,-16,13,18,3,-15,0,1,-Inf,1,0,1,7,20,7
"301","BOU",0,0,8,2,1,0,0,20,6,353,3,9,2,0,0.42,"20181208","LIV",4,"BOUvLIV20181208","home",0,0,0,0,0,Inf,4.5,Inf,-4,16,"BOU-16","LIV-16",23,-1,25,8,1,-7,0,1,-Inf,3,0,0,17,1,5
"302","LIV",4,2,10,4,2,0,0,17,6,561,2,11,1,0,0.58,"20181208","BOU",0,"BOUvLIV20181208","away",1,3,0.4,1,2,140.25,11,Inf,4,16,"LIV-16","BOU-16",42,28,34,1,8,7,0,0,2.33333333333333,3,3,3,19,6,9
"303","ARS",1,1,14,2,0,0,0,23,7,443,2,13,5,0,0.61,"20181208","HUD",0,"ARSvHUD20181208","home",1,3,0.0714285714285714,0.5,0,443,2.6,Inf,1,16,"ARS-16","HUD-16",34,15,35,5,18,13,0,0,4.33333333333333,1,3,3,8,5,8
"304","HUD",0,0,6,0,1,0,0,16,1,218,0,20,4,0,0.39,"20181208","ARS",1,"ARSvHUD20181208","away",0,0,0,NA,0,Inf,5,Inf,-1,16,"HUD-16","ARS-16",10,-17,10,18,5,-13,0,1,-Inf,0,0,3,7,11,11
"305","MUN",4,4,20,11,3,0,0,33,10,567,4,11,1,0,0.62,"20181208","FUL",1,"MUNvFUL20181208","home",1,3,0.2,0.363636363636364,0,141.75,11,Inf,3,16,"MUN-16","FUL-16",26,2,28,6,20,14,0,0,4.66666666666667,1,1,1,5,18,16
"306","FUL",1,0,10,4,7,1,1,15,3,295,3,15,1,1,0.38,"20181208","MUN",4,"MUNvFUL20181208","away",0,0,0.1,0.25,1,295,15,15,-3,16,"FUL-16","MUN-16",9,-24,16,20,6,-14,0,1,-Inf,1,0,3,9,3,18
"307","WHU",3,0,13,6,2,0,0,29,5,386,2,10,1,0,0.5,"20181208","CRY",2,"WHUvCRY20181208","home",1,3,0.230769230769231,0.5,3,128.666666666667,10,Inf,1,16,"WHU-16","CRY-16",21,-2,23,11,16,5,0,0,1.66666666666667,3,3,0,16,15,1
"308","CRY",2,2,8,4,3,0,0,23,3,399,0,8,2,0,0.5,"20181208","WHU",3,"WHUvCRY20181208","away",0,0,0.25,0.5,0,199.5,4,Inf,-1,16,"CRY-16","WHU-16",12,-10,13,16,11,-5,0,0,-Inf,0,3,1,10,19,7
"309","BUR",1,1,14,4,1,0,0,19,2,214,2,11,2,0,0.42,"20181208","BHA",0,"BURvBHA20181208","home",1,3,0.0714285714285714,0.25,0,214,5.5,Inf,1,16,"BUR-16","BHA-16",12,-17,15,17,13,-4,0,0,-1.33333333333333,0,0,0,2,14,13
"310","BHA",0,0,15,1,3,0,0,23,7,416,1,11,0,0,0.58,"20181208","BUR",1,"BURvBHA20181208","away",0,0,0,0,0,Inf,Inf,Inf,-1,16,"BHA-16","BUR-16",21,-3,19,13,17,4,0,0,Inf,3,3,1,15,17,10
"311","yCC",1,0,13,4,1,0,0,25,7,158,4,9,2,0,0.41,"20181208","SOU",0,"yCCvSOU20181208","home",1,3,0.0769230769230769,0.25,1,158,4.5,Inf,1,16,"yCC-16","SOU-16",14,-15,15,14,19,5,0,0,1.66666666666667,0,3,0,13,12,6
"312","SOU",0,0,12,1,3,0,0,23,7,376,0,10,2,0,0.59,"20181208","yCC",1,"yCCvSOU20181208","away",0,0,0,0,0,Inf,5,Inf,-1,16,"SOU-16","yCC-16",9,-17,13,19,14,-5,0,0,-Inf,0,1,0,3,7,20
"313","CHE",2,2,8,5,4,0,0,9,1,364,1,12,2,0,0.38,"20181208","MCI",0,"CHEvMCI20181208","home",1,3,0.25,0.4,0,182,6,Inf,2,16,"CHE-16","MCI-16",34,20,33,4,2,-2,1,1,-0.666666666666667,0,3,0,12,20,3
"314","MCI",0,0,14,4,3,0,0,28,13,602,2,11,0,0,0.62,"20181208","CHE",2,"CHEvMCI20181208","away",0,0,0,0,0,Inf,Inf,Inf,-2,16,"MCI-16","CHE-16",41,36,45,2,4,2,1,1,Inf,3,3,3,11,9,14
"315","LEI",0,0,10,3,0,0,0,30,6,366,3,12,3,0,0.44,"20181208","TOT",2,"LEIvTOT20181208","home",0,0,0,0,0,Inf,4,Inf,-2,16,"LEI-16","TOT-16",22,1,21,9,3,-6,0,1,-Inf,1,3,1,20,10,12
"316","TOT",2,2,7,2,3,0,0,22,5,490,1,7,1,0,0.56,"20181208","LEI",0,"LEIvTOT20181208","away",1,3,0.285714285714286,1,0,245,7,Inf,2,16,"TOT-16","LEI-16",36,14,30,3,9,6,0,0,2,3,0,3,18,4,4
"317","NEW",1,1,12,4,4,0,0,33,4,358,0,10,2,1,0.51,"20181209","WLV",2,"NEWvWLV20181209","home",0,0,0.0833333333333333,0.25,0,358,5,10,-1,16,"NEW-16","WLV-16",13,-9,13,15,10,-5,0,0,-Inf,1,0,3,6,13,17
"318","WLV",2,1,13,6,3,0,0,25,6,366,2,17,5,0,0.49,"20181209","NEW",1,"NEWvWLV20181209","away",1,3,0.153846153846154,0.333333333333333,1,183,3.4,Inf,1,16,"WLV-16","NEW-16",22,-2,17,10,15,5,0,0,1.66666666666667,3,0,0,4,16,15
"319","EVE",2,1,12,5,2,0,1,29,6,356,4,13,1,0,0.55,"20181210","WAT",2,"EVEvWAT20181210","home",0,1,0.166666666666667,0.4,1,178,13,Inf,0,16,"EVE-16","WAT-16",24,4,23,7,12,5,0,0,5,1,0,3,14,2,19
"320","WAT",2,0,15,3,3,0,0,27,6,238,4,13,1,0,0.45,"20181210","EVE",2,"EVEvWAT20181210","away",0,1,0.133333333333333,0.666666666666667,2,119,13,Inf,0,16,"WAT-16","EVE-16",21,-3,20,12,7,-5,0,0,-5,0,0,0,1,8,2
"321","MCI",3,3,13,5,1,0,0,24,6,636,3,7,1,0,0.64,"20181215","EVE",1,"MCIvEVE20181215","home",1,3,0.230769230769231,0.6,0,212,7,Inf,2,17,"MCI-17","EVE-17",44,38,48,2,8,6,0,0,2,0,3,3,4,11,9
"322","EVE",1,1,9,2,2,0,0,17,2,282,2,9,2,0,0.36,"20181215","MCI",3,"MCIvEVE20181215","away",0,0,0.111111111111111,0.5,0,282,4.5,Inf,-2,17,"EVE-17","MCI-17",24,2,24,8,2,-6,0,1,-Inf,1,1,0,12,14,2
"323","TOT",1,1,15,3,0,0,0,38,8,544,2,7,0,0,0.67,"20181215","BUR",0,"TOTvBUR20181215","home",1,3,0.0666666666666667,0.333333333333333,0,544,Inf,Inf,1,17,"TOT-17","BUR-17",39,15,31,3,18,15,0,0,5,3,3,0,9,18,4
"324","BUR",0,0,4,0,2,0,0,13,3,171,1,8,2,0,0.33,"20181215","TOT",1,"TOTvBUR20181215","away",0,0,0,NA,0,Inf,4,Inf,-1,17,"BUR-17","TOT-17",12,-18,15,18,3,-15,0,1,-Inf,3,0,0,13,2,14
"325","CRY",1,1,8,1,2,0,0,18,4,314,6,10,2,0,0.45,"20181215","LEI",0,"CRYvLEI20181215","home",1,3,0.125,1,0,314,5,Inf,1,17,"CRY-17","LEI-17",15,-9,14,15,12,-3,1,0,-1,0,0,3,11,10,19
"326","LEI",0,0,12,2,0,0,0,34,4,430,3,8,1,0,0.55,"20181215","CRY",1,"CRYvLEI20181215","away",0,0,0,0,0,Inf,8,Inf,-1,17,"LEI-17","CRY-17",22,0,21,12,15,3,1,0,Inf,0,1,3,3,20,10
"327","WAT",3,3,17,8,1,0,0,13,5,570,2,7,0,0,0.67,"20181215","yCC",2,"WATvyCC20181215","home",1,3,0.176470588235294,0.375,0,190,Inf,Inf,1,17,"WAT-17","yCC-17",24,-2,23,10,16,6,0,0,2,1,0,0,7,1,8
"328","yCC",2,1,10,3,5,0,0,17,0,179,1,5,0,0,0.33,"20181215","WAT",3,"WATvyCC20181215","away",0,0,0.2,0.666666666666667,1,89.5,Inf,Inf,-1,17,"yCC-17","WAT-17",14,-16,17,16,10,-6,0,0,-Inf,3,0,3,19,13,12
"329","WLV",2,2,9,3,3,0,0,12,5,302,4,15,1,0,0.39,"20181215","BOU",0,"WLVvBOU20181215","home",1,3,0.222222222222222,0.666666666666667,0,151,15,Inf,2,17,"WLV-17","BOU-17",25,0,19,7,11,4,0,0,1.33333333333333,3,3,0,15,4,16
"330","BOU",0,0,13,3,1,0,0,26,3,546,0,7,2,0,0.61,"20181215","WLV",2,"WLVvBOU20181215","away",0,0,0,0,0,Inf,3.5,Inf,-2,17,"BOU-17","WLV-17",23,-3,25,11,7,-4,0,0,-Inf,0,3,0,1,17,1
"331","HUD",0,0,15,5,4,0,0,54,10,539,2,5,1,0,0.67,"20181215","NEW",1,"HUDvNEW20181215","home",0,0,0,0,0,Inf,5,Inf,-1,17,"HUD-17","NEW-17",10,-18,10,19,14,-5,0,0,-Inf,0,0,0,5,7,11
"332","NEW",1,1,8,5,5,0,0,7,1,150,1,13,1,0,0.33,"20181215","HUD",0,"HUDvNEW20181215","away",1,3,0.125,0.2,0,150,13,Inf,1,17,"NEW-17","HUD-17",16,-8,14,14,19,5,0,0,1.66666666666667,0,1,0,10,6,13
"333","FUL",0,0,16,4,1,0,0,30,6,429,6,14,2,0,0.55,"20181215","WHU",2,"FULvWHU20181215","home",0,0,0,0,0,Inf,7,Inf,-2,17,"FUL-17","WHU-17",9,-26,16,20,9,-11,0,0,-Inf,0,1,0,6,9,3
"334","WHU",2,2,6,3,4,0,0,25,4,308,2,10,1,0,0.45,"20181215","FUL",0,"FULvWHU20181215","away",1,3,0.333333333333333,0.666666666666667,0,154,10,Inf,2,17,"WHU-17","FUL-17",24,0,25,9,20,11,0,0,3.66666666666667,3,3,3,16,16,15
"335","SOU",3,3,12,7,3,0,0,18,4,273,2,11,3,0,0.36,"20181216","ARS",2,"SOUvARS20181216","home",1,3,0.25,0.428571428571429,0,91,3.66666666666667,Inf,1,17,"SOU-17","ARS-17",12,-16,16,17,5,-12,0,1,-4,0,0,1,14,3,7
"336","ARS",2,2,14,5,4,0,0,22,5,600,2,10,1,0,0.64,"20181216","SOU",3,"SOUvARS20181216","away",0,0,0.142857142857143,0.4,0,300,10,Inf,-1,17,"ARS-17","SOU-17",34,14,37,5,17,12,0,0,Inf,3,1,3,18,8,5
"337","BHA",1,1,6,2,1,0,0,16,4,416,5,14,2,0,0.43,"20181216","CHE",2,"BHAvCHE20181216","home",0,0,0.166666666666667,0.5,0,416,7,Inf,-1,17,"BHA-17","CHE-17",21,-4,20,13,4,-9,0,1,-Inf,0,3,3,17,15,17
"338","CHE",2,2,10,3,1,0,0,8,1,585,4,6,2,0,0.57,"20181216","BHA",1,"BHAvCHE20181216","away",1,3,0.2,0.666666666666667,0,292.5,3,Inf,1,17,"CHE-17","BHA-17",37,21,35,4,13,9,0,0,3,3,0,3,2,12,20
"339","LIV",3,1,36,11,1,0,0,33,13,480,2,6,0,0,0.61,"20181216","MUN",1,"LIVvMUN20181216","home",1,3,0.0833333333333333,0.272727272727273,2,160,Inf,Inf,2,17,"LIV-17","MUN-17",45,30,37,1,6,5,0,1,1.66666666666667,3,3,3,8,19,6
"340","MUN",1,0,6,2,7,0,0,11,2,236,3,14,2,0,0.39,"20181216","LIV",3,"LIVvMUN20181216","away",0,0,0.166666666666667,0.5,1,236,7,Inf,-2,17,"MUN-17","LIV-17",26,0,29,6,1,-5,0,1,-Inf,3,1,1,20,5,18
"341","WLV",0,0,11,5,4,0,0,14,1,357,4,7,0,0,0.4,"20181221","LIV",2,"WLVvLIV20181221","home",0,0,0,0,0,Inf,Inf,Inf,-2,18,"WLV-18","LIV-18",25,-2,19,10,1,-9,0,1,-Inf,3,3,3,11,15,4
"342","LIV",2,2,15,6,5,0,0,18,10,623,2,3,0,0,0.6,"20181221","WLV",0,"WLVvLIV20181221","away",1,3,0.133333333333333,0.333333333333333,0,311.5,Inf,Inf,2,18,"LIV-18","WLV-18",48,32,39,1,10,9,0,0,3,3,3,3,6,8,19
"343","ARS",3,2,10,6,1,0,0,8,1,492,2,10,2,0,0.59,"20181222","BUR",1,"ARSvBUR20181222","home",1,3,0.3,0.5,1,164,5,Inf,2,18,"ARS-18","BUR-18",37,16,40,5,18,13,0,0,4.33333333333333,0,3,1,17,18,8
"344","BUR",1,1,7,2,3,0,0,16,3,277,4,14,5,0,0.41,"20181222","ARS",3,"ARSvBUR20181222","away",0,0,0.142857142857143,0.5,0,277,2.8,Inf,-2,18,"BUR-18","ARS-18",12,-20,16,18,5,-13,0,1,-Inf,0,3,0,3,13,2
"345","CHE",0,0,17,5,2,0,0,42,9,644,3,10,0,0,0.64,"20181222","LEI",1,"CHEvLEI20181222","home",0,0,0,0,0,Inf,Inf,Inf,-1,18,"CHE-18","LEI-18",37,20,35,4,9,5,0,0,Inf,3,3,0,13,2,12
"346","LEI",1,1,8,3,5,0,0,20,5,199,2,9,2,0,0.36,"20181222","CHE",0,"CHEvLEI20181222","away",1,3,0.125,0.333333333333333,0,199,4.5,Inf,1,18,"LEI-18","CHE-18",25,1,22,9,4,-5,0,1,-1.66666666666667,0,0,1,15,3,20
"347","MCI",2,2,19,5,0,0,0,62,13,690,2,7,0,0,0.71,"20181222","CRY",3,"MCIvCRY20181222","home",0,0,0.105263157894737,0.4,0,345,Inf,Inf,-1,18,"MCI-18","CRY-18",44,37,50,2,14,12,0,0,Inf,3,0,3,8,4,11
"348","CRY",3,1,5,3,3,1,1,2,0,139,1,6,4,0,0.29,"20181222","MCI",2,"MCIvCRY20181222","away",1,3,0.6,1,2,46.3333333333333,1.5,Inf,1,18,"CRY-18","MCI-18",18,-8,17,14,2,-12,0,1,-4,3,0,0,12,11,10
"349","NEW",0,0,9,0,2,0,0,42,6,418,2,9,1,0,0.52,"20181222","FUL",0,"NEWvFUL20181222","home",0,1,0,NA,0,Inf,9,Inf,0,18,"NEW-18","FUL-18",17,-8,14,15,20,5,0,0,5,3,0,1,19,10,6
"350","FUL",0,0,4,2,0,0,0,11,0,383,4,12,2,0,0.48,"20181222","NEW",0,"NEWvFUL20181222","away",0,1,0,0,0,Inf,6,Inf,0,18,"FUL-18","NEW-18",10,-26,16,20,15,-5,0,0,-5,0,0,1,9,6,9
"351","WHU",0,0,18,7,3,0,0,42,10,341,4,9,3,0,0.5,"20181222","WAT",2,"WHUvWAT20181222","home",0,0,0,0,0,Inf,3,Inf,-2,18,"WHU-18","WAT-18",24,-2,25,12,7,-5,0,0,-Inf,3,3,3,20,16,16
"352","WAT",2,1,11,5,7,1,1,18,4,307,2,11,2,0,0.5,"20181222","WHU",0,"WHUvWAT20181222","away",1,3,0.181818181818182,0.4,1,153.5,5.5,Inf,2,18,"WAT-18","WHU-18",27,0,25,7,12,5,0,0,1.66666666666667,3,1,0,16,7,1
"353","HUD",1,1,16,5,3,0,0,36,8,427,3,12,2,0,0.58,"20181222","SOU",3,"HUDvSOU20181222","home",0,0,0.0625,0.2,0,427,6,Inf,-2,18,"HUD-18","SOU-18",10,-20,11,19,16,-3,1,0,-Inf,0,0,0,14,5,7
"354","SOU",3,2,13,6,4,1,1,9,2,235,1,9,3,0,0.42,"20181222","HUD",1,"HUDvSOU20181222","away",1,3,0.230769230769231,0.5,1,78.3333333333333,3,Inf,2,18,"SOU-18","HUD-18",15,-14,19,16,19,3,1,0,1,3,0,0,5,14,3
"355","BOU",2,2,14,3,4,0,0,22,6,443,3,8,2,0,0.52,"20181222","BHA",0,"BOUvBHA20181222","home",1,3,0.142857142857143,0.666666666666667,0,221.5,4,Inf,2,18,"BOU-18","BHA-18",26,-1,27,8,13,5,0,0,1.66666666666667,0,0,3,7,1,17
"356","BHA",0,0,9,4,1,0,0,24,5,324,3,18,0,1,0.48,"20181222","BOU",2,"BOUvBHA20181222","away",0,0,0,0,0,Inf,Inf,18,-2,18,"BHA-18","BOU-18",21,-6,20,13,8,-5,0,0,-Inf,0,0,3,4,17,15
"357","yCC",1,0,9,3,4,1,1,26,4,169,3,13,2,0,0.36,"20181222","MUN",5,"yCCvMUN20181222","home",0,0,0.111111111111111,0.333333333333333,1,169,6.5,Inf,-4,18,"yCC-18","MUN-18",14,-20,18,17,6,-11,0,1,-Inf,0,3,0,10,19,13
"358","MUN",5,3,17,9,2,1,1,15,7,572,0,13,1,0,0.64,"20181222","yCC",1,"yCCvMUN20181222","away",1,3,0.294117647058824,0.555555555555556,2,114.4,13,Inf,4,18,"MUN-18","yCC-18",29,4,34,6,17,11,0,0,3.66666666666667,0,3,1,1,20,5
"359","EVE",2,2,10,3,2,0,0,22,2,342,4,13,0,0,0.44,"20181223","TOT",6,"EVEvTOT20181223","home",0,0,0.2,0.666666666666667,0,171,Inf,Inf,-4,18,"EVE-18","TOT-18",24,-2,26,11,3,-8,0,1,-Inf,0,1,1,2,12,14
"360","TOT",6,2,17,8,1,0,0,6,1,514,2,9,2,0,0.56,"20181223","EVE",2,"EVEvTOT20181223","away",1,3,0.352941176470588,0.75,4,85.6666666666667,4.5,Inf,4,18,"TOT-18","EVE-18",42,19,37,3,11,8,0,0,2.66666666666667,3,3,3,18,9,18
"361","FUL",1,0,11,5,4,0,0,13,2,213,0,9,2,0,0.33,"20181226","WLV",1,"FULvWLV20181226","home",0,1,0.0909090909090909,0.2,1,213,4.5,Inf,0,19,"FUL-19","WLV-19",11,-26,17,19,11,-8,0,0,-8,1,0,0,15,9,6
"362","WLV",1,0,14,5,3,0,0,26,0,606,2,6,1,0,0.67,"20181226","FUL",1,"FULvWLV20181226","away",0,1,0.0714285714285714,0.2,1,606,6,Inf,0,19,"WLV-19","FUL-19",26,-2,20,11,19,8,0,0,8,0,3,3,1,11,15
"363","LEI",2,1,10,5,3,0,0,15,3,253,1,5,2,0,0.4,"20181226","MCI",1,"LEIvMCI20181226","home",1,3,0.2,0.4,1,126.5,2.5,Inf,1,19,"LEI-19","MCI-19",28,2,24,7,3,-4,0,1,-1.33333333333333,3,0,0,4,15,3
"364","MCI",1,1,11,4,3,0,0,47,7,569,3,8,2,1,0.6,"20181226","LEI",2,"LEIvMCI20181226","away",0,0,0.0909090909090909,0.25,0,569,4,8,-1,19,"MCI-19","LEI-19",44,36,51,3,7,4,0,0,Inf,0,3,0,14,8,4
"365","LIV",4,2,16,8,2,1,1,38,10,659,1,7,0,0,0.67,"20181226","NEW",0,"LIVvNEW20181226","home",1,3,0.25,0.5,2,164.75,Inf,Inf,4,19,"LIV-19","NEW-19",51,36,43,1,15,14,0,0,4.66666666666667,3,3,3,10,6,8
"366","NEW",0,0,6,2,4,0,0,15,2,172,1,9,0,0,0.33,"20181226","LIV",4,"LIVvNEW20181226","away",0,0,0,0,0,Inf,Inf,Inf,-4,19,"NEW-19","LIV-19",17,-12,14,15,1,-14,0,1,-Inf,1,3,0,20,19,10
"367","MUN",3,2,16,10,1,0,0,16,5,561,1,9,1,0,0.6,"20181226","HUD",1,"MUNvHUD20181226","home",1,3,0.1875,0.3,1,187,9,Inf,2,19,"MUN-19","HUD-19",32,6,37,6,20,14,0,0,4.66666666666667,3,0,3,17,1,20
"368","HUD",1,1,10,2,7,0,0,23,3,288,4,13,1,0,0.4,"20181226","MUN",3,"MUNvHUD20181226","away",0,0,0.1,0.5,0,288,13,Inf,-2,19,"HUD-19","MUN-19",10,-22,12,20,6,-14,0,1,-Inf,0,0,0,16,14,5
"369","TOT",5,4,10,7,4,0,0,12,3,547,1,4,2,0,0.59,"20181226","BOU",0,"TOTvBOU20181226","home",1,3,0.5,0.714285714285714,1,109.4,2,Inf,5,19,"TOT-19","BOU-19",45,24,42,2,12,10,0,0,3.33333333333333,3,3,3,11,18,9
"370","BOU",0,0,14,4,2,0,0,23,4,403,3,8,1,0,0.41,"20181226","TOT",5,"TOTvBOU20181226","away",0,0,0,0,0,Inf,8,Inf,-5,19,"BOU-19","TOT-19",26,-6,27,12,2,-10,0,1,-Inf,3,0,0,13,7,1
"371","CRY",0,0,31,5,4,0,0,38,12,437,0,9,0,0,0.61,"20181226","yCC",0,"CRYvyCC20181226","home",0,1,0,0,0,Inf,Inf,Inf,0,19,"CRY-19","yCC-19",19,-8,17,14,17,3,1,0,3,3,3,0,2,12,11
"372","yCC",0,0,9,4,5,0,0,15,1,224,3,11,3,0,0.39,"20181226","CRY",0,"CRYvyCC20181226","away",0,1,0,0,0,Inf,3.66666666666667,Inf,0,19,"yCC-19","CRY-19",15,-20,18,17,14,-3,1,0,-3,0,0,3,6,10,19
"373","BUR",1,0,11,4,1,0,0,28,5,299,2,11,2,0,0.51,"20181226","EVE",5,"BURvEVE20181226","home",0,0,0.0909090909090909,0.25,1,299,5.5,Inf,-4,19,"BUR-19","EVE-19",12,-24,17,18,8,-10,0,0,-Inf,0,0,3,5,3,13
"374","EVE",5,3,13,6,2,1,1,23,7,312,2,19,4,0,0.49,"20181226","BUR",1,"BURvEVE20181226","away",1,3,0.384615384615385,0.833333333333333,2,62.4,4.75,Inf,4,19,"EVE-19","BUR-19",27,2,31,8,18,10,0,0,3.33333333333333,0,0,1,3,2,12
"375","BHA",1,0,12,3,3,0,0,25,4,272,1,10,2,0,0.33,"20181226","ARS",1,"BHAvARS20181226","home",0,1,0.0833333333333333,0.333333333333333,1,272,5,Inf,0,19,"BHA-19","ARS-19",22,-6,21,13,5,-8,0,1,-8,0,0,0,8,4,17
"376","ARS",1,1,7,4,2,0,0,23,9,657,1,4,1,0,0.67,"20181226","BHA",1,"BHAvARS20181226","away",0,1,0.142857142857143,0.25,0,657,4,Inf,0,19,"ARS-19","BHA-19",38,16,41,5,13,8,0,0,8,3,0,3,18,17,18
"377","WAT",1,1,10,2,2,0,0,18,3,319,0,15,1,0,0.39,"20181226","CHE",2,"WATvCHE20181226","home",0,0,0.1,0.5,0,319,15,Inf,-1,19,"WAT-19","CHE-19",27,-1,26,10,4,-6,0,1,-Inf,3,3,1,12,16,7
"378","CHE",2,1,10,4,1,1,1,16,4,653,2,5,0,0,0.61,"20181226","WAT",1,"WATvCHE20181226","away",1,3,0.2,0.5,1,326.5,Inf,Inf,1,19,"CHE-19","WAT-19",40,21,37,4,10,6,0,0,2,0,3,3,9,13,2
"379","SOU",1,0,11,5,3,0,0,23,4,344,4,10,2,0,0.45,"20181227","WHU",2,"SOUvWHU20181227","home",0,0,0.0909090909090909,0.2,1,344,5,Inf,-1,19,"SOU-19","WHU-19",15,-15,20,16,9,-7,0,0,-Inf,3,3,0,19,5,14
"380","WHU",2,1,16,5,4,0,0,25,5,406,2,3,0,0,0.55,"20181227","SOU",1,"SOUvWHU20181227","away",1,3,0.125,0.4,1,203,Inf,Inf,1,19,"WHU-19","SOU-19",27,-1,27,9,16,7,0,0,2.33333333333333,0,3,3,7,20,16
"381","LEI",0,0,16,7,2,0,1,28,10,393,0,14,0,0,0.59,"20181229","yCC",1,"LEIvyCC20181229","home",0,0,0,0,0,Inf,Inf,Inf,-1,20,"LEI-20","yCC-20",28,1,24,8,16,8,0,0,Inf,3,3,0,3,4,15
"382","yCC",1,1,12,3,7,0,0,29,4,197,1,16,2,0,0.41,"20181229","LEI",0,"LEIvyCC20181229","away",1,3,0.0833333333333333,0.333333333333333,0,197,8,Inf,1,20,"yCC-20","LEI-20",18,-19,19,16,8,-8,0,0,-2.66666666666667,1,0,0,14,6,10
"383","TOT",1,1,10,3,1,0,0,15,6,608,0,7,3,0,0.58,"20181229","WLV",3,"TOTvWLV20181229","home",0,0,0.1,0.333333333333333,0,608,2.33333333333333,Inf,-2,20,"TOT-20","WLV-20",45,22,43,3,7,4,0,0,Inf,3,3,3,12,11,18
"384","WLV",3,3,11,4,2,0,0,28,7,358,4,7,2,0,0.42,"20181229","TOT",1,"TOTvWLV20181229","away",1,3,0.272727272727273,0.75,0,119.333333333333,3.5,Inf,2,20,"WLV-20","TOT-20",29,0,23,7,3,-4,0,1,-1.33333333333333,1,0,3,19,1,11
"385","WAT",1,1,12,5,1,0,0,29,3,503,1,17,1,0,0.6,"20181229","NEW",1,"WATvNEW20181229","home",0,1,0.0833333333333333,0.2,0,503,17,Inf,0,20,"WAT-20","NEW-20",28,-1,27,9,15,6,0,0,6,0,3,3,4,12,16
"386","NEW",1,1,8,2,4,0,0,29,6,246,4,16,2,0,0.4,"20181229","WAT",1,"WATvNEW20181229","away",0,1,0.125,0.5,0,246,8,Inf,0,20,"NEW-20","WAT-20",18,-12,15,15,9,-6,0,0,-6,0,1,3,1,20,19
"387","FUL",1,1,14,5,5,0,0,23,4,326,3,12,3,0,0.42,"20181229","HUD",0,"FULvHUD20181229","home",1,3,0.0714285714285714,0.2,0,326,4,Inf,1,20,"FUL-20","HUD-20",14,-25,18,19,20,1,1,0,0.333333333333333,1,1,0,11,15,9
"388","HUD",0,0,9,5,4,0,0,25,3,448,2,10,1,0,0.58,"20181229","FUL",1,"FULvHUD20181229","away",0,0,0,0,0,Inf,10,Inf,-1,20,"HUD-20","FUL-20",10,-23,12,20,19,-1,1,0,-Inf,0,0,0,6,16,14
"389","BHA",1,0,11,3,4,0,0,23,6,277,2,10,0,0,0.48,"20181229","EVE",0,"BHAvEVE20181229","home",1,3,0.0909090909090909,0.333333333333333,1,277,Inf,Inf,1,20,"BHA-20","EVE-20",25,-5,22,13,10,-3,1,0,-1,1,0,0,5,8,4
"390","EVE",0,0,13,4,2,0,0,24,6,347,1,11,2,0,0.52,"20181229","BHA",1,"BHAvEVE20181229","away",0,0,0,0,0,Inf,5.5,Inf,-1,20,"EVE-20","BHA-20",27,1,31,10,13,3,1,0,Inf,3,0,0,18,3,2
"391","LIV",5,1,15,10,1,2,2,11,5,438,2,8,1,0,0.45,"20181229","ARS",1,"LIVvARS20181229","home",1,3,0.333333333333333,0.5,4,87.6,8,Inf,4,20,"LIV-20","ARS-20",54,40,48,1,5,4,0,1,1.33333333333333,3,3,3,15,10,6
"392","ARS",1,1,8,2,5,0,0,19,3,492,5,13,2,0,0.55,"20181229","LIV",5,"LIVvARS20181229","away",0,0,0.125,0.5,0,492,6.5,Inf,-4,20,"ARS-20","LIV-20",38,12,42,5,1,-4,0,1,-Inf,1,3,0,13,18,17
"393","CRY",0,0,4,0,3,0,0,17,3,331,3,11,0,0,0.39,"20181230","CHE",1,"CRYvCHE20181230","home",0,0,0,NA,0,Inf,Inf,Inf,-1,20,"CRY-20","CHE-20",19,-9,17,14,4,-10,0,1,-Inf,1,3,3,17,2,12
"394","CHE",1,1,12,4,0,0,0,22,4,702,3,8,1,0,0.61,"20181230","CRY",0,"CRYvCHE20181230","away",1,3,0.0833333333333333,0.25,0,702,8,Inf,1,20,"CHE-20","CRY-20",43,22,38,4,14,10,0,0,3.33333333333333,3,0,3,10,9,13
"395","SOU",1,0,5,4,4,0,0,11,3,176,0,11,2,1,0.3,"20181230","MCI",3,"SOUvMCI20181230","home",0,0,0.2,0.25,1,176,5.5,11,-2,20,"SOU-20","MCI-20",15,-17,21,17,2,-15,0,1,-Inf,0,3,3,9,19,5
"396","MCI",3,2,14,6,3,0,0,24,8,723,2,10,3,0,0.7,"20181230","SOU",1,"SOUvMCI20181230","away",1,3,0.214285714285714,0.5,1,241,3.33333333333333,Inf,2,20,"MCI-20","SOU-20",47,38,54,2,17,15,0,0,5,0,0,3,7,14,8
"397","BUR",2,2,17,5,4,0,0,28,5,273,4,15,1,0,0.45,"20181230","WHU",0,"BURvWHU20181230","home",1,3,0.117647058823529,0.4,0,136.5,15,Inf,2,20,"BUR-20","WHU-20",15,-22,19,18,11,-7,0,0,-2.33333333333333,0,0,0,8,5,3
"398","WHU",0,0,11,4,3,0,0,25,5,364,1,11,4,0,0.55,"20181230","BUR",2,"BURvWHU20181230","away",0,0,0,0,0,Inf,2.75,Inf,-2,20,"WHU-20","BUR-20",27,-3,27,11,18,7,0,0,Inf,3,0,3,16,7,20
"399","MUN",4,4,11,8,2,0,0,16,4,638,6,10,2,1,0.62,"20181230","BOU",1,"MUNvBOU20181230","home",1,3,0.363636363636364,0.5,0,159.5,5,10,3,20,"MUN-20","BOU-20",35,9,41,6,12,6,0,0,2,3,3,0,20,17,1
"400","BOU",1,1,7,3,4,0,0,16,5,301,0,7,0,0,0.38,"20181230","MUN",4,"MUNvBOU20181230","away",0,0,0.142857142857143,0.333333333333333,0,301,Inf,Inf,-3,20,"BOU-20","MUN-20",26,-9,28,12,6,-6,0,1,-Inf,0,3,0,2,13,7
